id,country,iso3,latitude,longitude,centroid,role,displacement_type,qualifier,figure,displacement_date,displacement_start_date,displacement_end_date,year,event_id,event_name,event_codes,event_code_types,event_start_date,event_end_date,category,subcategory,type,subtype,old_id,sources,source_url,locations_name,locations_coordinates,locations_accuracy,locations_type,displacement_occurred,created_at,description,link,combined_type
254590,Myanmar,MMR,16.50658,95.651176,"[16.50658, 95.651176]",Triangulation,Disaster,total,686,8/18/2026,8/18/2026,8/18/2026,2026,43326,Myanmar: Flood - Ayeyarwady Region (4 Townships) - 30/07/2026,AHA-FL-2026-000826-MMR,Government Assigned Identifier,7/30/2026,8/1/2026,Weather related,Hydrological,Flood,Flood,,Myanmar Fire Services Department (MFSD),,"Kyaiklat, Pyapon, Ayeyarwady, Myanmar","16.50658, 95.651176",County/City/town/Village/Woreda (ADM3),Origin,Displacement without preventive evacuations reported,2026-08-19T09:59:39.011227Z,"Myanmar: 686 displacements (evacuated), 18 August - 18 August. According to Myanmar Fire Services Department (MFSD), 686 people were evacuated in Kyaiklat due to flooding on August 18, 2026. Myanmar Fire Services Department (MFSD) - 19 August 2026",,Flood
254596,Myanmar,MMR,17.05761,95.187737,"[17.05761, 95.187737]",Recommended figure,Disaster,total,85,8/16/2026,8/16/2026,8/16/2026,2026,43351,Myanmar: Flood - Ayeyarwady Region (Kyaunggon) - 16/08/2026,,,8/16/2026,8/16/2026,Weather related,Hydrological,Flood,Flood,,Myanmar Fire Services Department (MFSD),,"Kyaunggon, Pathein, Ayeyarwady, Myanmar","17.05761, 95.187737",County/City/town/Village/Woreda (ADM3),Origin,Displacement without preventive evacuations reported,2026-08-19T10:34:42.063581Z,"Myanmar: 85 displacements (evacuated), 16 August - 16 August. According to Myanmar Fire Services Department (MFSD), 85 people were evacuated in Kyaunggon due to flooding on August 16, 2026. Myanmar Fire Services Department (MFSD) - 17 August 2026",,Flood
254594,Myanmar,MMR,18.561331,95.171738,"[18.561331, 95.171738]",Recommended figure,Disaster,total,354,8/14/2026,8/14/2026,8/14/2026,2026,43350,Myanmar: Flood - Bago Region (Shwedaung) - 14/08/2026,,,8/14/2026,8/14/2026,Weather related,Hydrological,Flood,Flood,,Myanmar Fire Services Department (MFSD),,"Shwedaung Township, Pyay District, West Bago Region, Bago Region, Myanmar","18.561331, 95.171738",County/City/town/Village/Woreda (ADM3),Origin,Displacement without preventive evacuations reported,2026-08-19T10:18:09.723462Z,"Myanmar: 354 displacements (evacuated), 14 August - 14 August. According to Myanmar Fire Services Department (MFSD), 354 people were evacuated in Shwedaung Township due to flooding on August 14, 2026. Myanmar Fire Services Department (MFSD) - 15 August 2026",,Flood
254592,Myanmar,MMR,20.732861,94.872322,"[20.732861, 94.872322]",Recommended figure,Disaster,total,176,8/13/2026,8/13/2026,8/13/2026,2026,43349,Myanmar: Flood - Magway Region (Chauk) - 13/08/2026,,,8/13/2026,8/13/2026,Weather related,Hydrological,Flood,Flood,,Myanmar Fire Services Department (MFSD),,"Chauk Township, Magway District, Magway, Myanmar","20.732861, 94.872322",County/City/town/Village/Woreda (ADM3),Origin,Displacement without preventive evacuations reported,2026-08-19T10:11:32.990822Z,"Myanmar: 176 displacements (evacuated), 13 August - 13 August. According to Myanmar Fire Services Department (MFSD), 176 people were evacuated in Chauk Township due to flooding on August 13, 2026. Myanmar Fire Services Department (MFSD) - 14 August 2026",,Flood
254555,Myanmar,MMR,20.09605,94.733414,"[20.09605, 94.733414]",Recommended figure,Disaster,total,662,8/12/2026,8/12/2026,8/12/2026,2026,43336,Myanmar: Flood - Magway Region (Minbu) - 12/08/2026,,,8/12/2026,8/12/2026,Weather related,Hydrological,Flood,Flood,,Myanmar Fire Services Department (MFSD),,"Minbu Township, Minbu District, Magway, Myanmar","20.09605, 94.733414",County/City/town/Village/Woreda (ADM3),Origin,Displacement without preventive evacuations reported,2026-08-18T08:03:11.513432Z,"Myanmar: 662 displacements (evacuated), 12 August - 12 August. According to Myanmar Fire Services Department (MFSD), 662 people were evacuated in Minbu Township due to flooding on August 12, 2026. Myanmar Fire Services Department (MFSD) - 13 August 2026",,Flood
254550,Myanmar,MMR,21.08604,95.01976,"[21.08604, 95.01976]",Recommended figure,Disaster,more than or equal to,8,8/11/2026,8/11/2026,8/11/2026,2026,43335,Myanmar: Flood - Mandalay Region (Nyaung-U) - 11/08/2026,,,8/11/2026,8/11/2026,Weather related,Hydrological,Flood,Flood,,Myanmar Fire Services Department (MFSD),,"Nyaung-U Township, Nyaung-U District, Mandalay, Myanmar","21.08604, 95.01976",County/City/town/Village/Woreda (ADM3),Origin,Displacement without preventive evacuations reported,2026-08-18T07:54:51.060134Z,"Myanmar: 8 displacements (evacuated), 11 August - 11 August. According to Myanmar Fire Services Department (MFSD), at least two households were evacuated in Nyaung-U Township due to flooding on August 11, 2026. Myanmar Fire Services Department (MFSD) - 12 August 2026",,Flood
254582,Myanmar,MMR,16.890261,97.636269,"[16.890261, 97.636269]",Recommended figure,Disaster,total,2449,8/11/2026,8/11/2026,8/11/2026,2026,43343,Myanmar: Flood - Kayin State (Hpa-An) - 11/08/2026,AHA-FL-2026-000829-MMR,Government Assigned Identifier,8/11/2026,8/11/2026,Weather related,Hydrological,Flood,Flood,,ADINet,,"Hpa-An, Hpa-An District, Kayin, Myanmar","16.890261, 97.636269",County/City/town/Village/Woreda (ADM3),Origin,Displacement without preventive evacuations reported,2026-08-19T09:11:44.021493Z,"Myanmar: 2,449 displacements, 11 August - 11 August. According to ADINet, 2,449 people were displaced in Hpa-An due to flooding on August 11, 2026. ADINet - 14 August 2026",,Flood
254548,Myanmar,MMR,22.79261,94.43174,"[22.79261, 94.43174]",Recommended figure,Disaster,total,107,8/9/2026,8/9/2026,8/9/2026,2026,43334,Myanmar: Flood - Sagaing Region (Mingin) - 09/08/2026,,,8/9/2026,8/9/2026,Weather related,Hydrological,Flood,Flood,,Myanmar Fire Services Department (MFSD),,"Mingin Township, Kale District, Sagaing, Myanmar","22.79261, 94.43174",County/City/town/Village/Woreda (ADM3),Origin,Displacement without preventive evacuations reported,2026-08-18T07:50:06.450171Z,"Myanmar: 107 displacements (evacuated), 09 August - 09 August. According to Myanmar Fire Services Department (MFSD), 107 people were evacuated in Mingin Township due to flooding on August 9, 2026. Myanmar Fire Services Department (MFSD) - 10 August 2026",,Flood
254546,Myanmar,MMR,22.857321,95.030067,"[22.857321, 95.030067]",Recommended figure,Disaster,total,269,8/6/2026,8/6/2026,8/6/2026,2026,43333,Myanmar: Flood - Sagaing Region (Ye-U) - 07/08/2026,,,8/6/2026,8/6/2026,Weather related,Hydrological,Flood,Flood,,Myanmar Fire Services Department (MFSD),,"Ye-U Township, Kanbalu District, Sagaing, Myanmar","22.857321, 95.030067",County/City/town/Village/Woreda (ADM3),Origin,Displacement without preventive evacuations reported,2026-08-18T07:44:43.024209Z,"Myanmar: 269 displacements (evacuated), 06 August - 06 August. According to Myanmar Fire Services Department (MFSD), 269 people were evacuated in Ye-U Township due to flooding on August 6, 2026. Myanmar Fire Services Department (MFSD) - 07 August 2026",,Flood
254652,Myanmar,MMR,22.820789,98.005898,"[22.820789, 98.005898]",Recommended figure,Conflict,total,300,8/10/2026,8/3/2026,8/10/2026,2026,37917,Myanmar: Non-International armed conflict (NIAC) - Shan State (North & South) - 2026,,,1/1/2026,12/31/2026,,,Non-International armed conflict (NIAC),Non-International armed conflict (NIAC),,UNHCR Myanmar,,"North Shan State, Shan State, Myanmar","22.820789, 98.005898",District/Zone/Department (ADM2),Destination,Displacement without preventive evacuations reported,2026-08-19T11:53:12.834999Z,"Myanmar: 300 displacements, 03 August - 10 August. According to UNHCR Myanmar, 300 people were displaced in North Shan State due to non-international armed conflict between the 3rd and 10th of August 2026. UNHCR Myanmar - 10 August 2026",,Non-International armed conflict (NIAC)
254653,Myanmar,MMR,26.020769,97.491928,"[26.020769, 97.491928]",Recommended figure,Conflict,total,100,8/10/2026,8/3/2026,8/10/2026,2026,37908,Myanmar: Non-International armed conflict (NIAC) - Kachin State - 2026,,,1/1/2026,12/31/2026,,,Non-International armed conflict (NIAC),Non-International armed conflict (NIAC),,UNHCR Myanmar,,"Kachin State, Myanmar","26.020769, 97.491928",State/Region/Province (ADM1),Destination,Displacement without preventive evacuations reported,2026-08-19T11:53:12.880464Z,"Myanmar: 100 displacements, 03 August - 10 August. According to UNHCR Myanmar, 100 people were displaced in Kachin State due to non-international armed conflict between the 3rd and 10th of August 2026. UNHCR Myanmar - 10 August 2026",,Non-International armed conflict (NIAC)
254654,Myanmar,MMR,12.27192,98.489594,"[12.27192, 98.489594]",Recommended figure,Conflict,total,3000,8/10/2026,8/3/2026,8/10/2026,2026,37912,Myanmar: Non-International armed conflict (NIAC) - Tanintharyi Region - 2026,,,1/1/2026,12/31/2026,,,Non-International armed conflict (NIAC),Non-International armed conflict (NIAC),,UNHCR Myanmar,,"Tanintharyi Region, Myanmar","12.27192, 98.489594",State/Region/Province (ADM1),Destination,Displacement without preventive evacuations reported,2026-08-19T11:53:12.926525Z,"Myanmar: 3,000 displacements, 03 August - 10 August. According to UNHCR Myanmar, 3,000 people were displaced in Tanintharyi Region due to non-international armed conflict between the 3rd and 10th of August 2026. UNHCR Myanmar - 10 August 2026",,Non-International armed conflict (NIAC)
511544,Myanmar,MMR,17.7990075,95.0425475,"[17.799007500000002, 95.0425475]",Recommended figure,Disaster,approximately,63300,8/18/2026,7/30/2026,8/18/2026,2026,43326,Myanmar: Flood - Ayeyarwady Region (4 Townships) - 30/07/2026,AHA-FL-2026-000826-MMR,Government Assigned Identifier,7/30/2026,8/1/2026,Weather related,Hydrological,Flood,Flood,,ADINet,,"Hinthada, Ayeyarwady, Myanmar; Kyangin, Hinthada, Ayeyarwady, Myanmar; Lemyethna, Hinthada, Ayeyarwady, Myanmar; Yegyi, Pathein, Ayeyarwady, Myanmar","17.926359, 95.155823; 18.316811, 95.057793; 17.602751, 95.000252; 17.350109, 94.956322",District/Zone/Department (ADM2); County/City/town/Village/Woreda (ADM3); County/City/town/Village/Woreda (ADM3); County/City/town/Village/Woreda (ADM3),Origin; Origin; Origin; Origin,Displacement without preventive evacuations reported,2026-09-04T07:14:10.804261Z,"Myanmar: 63,300 displacements (in relief camp), 30 July - 18 August. According to ADINet, around 15,000 households were in a relief camp in Lemyethna, Hinthada, Yegyi, and Kyangin due to flooding between July 30 and August 18, 2026. ADINet - 19 August 2026",,Flood
254509,Myanmar,MMR,17.602751,95.000252,"[17.602751, 95.000252]",Triangulation,Disaster,total,11975,8/2/2026,7/30/2026,8/2/2026,2026,43326,Myanmar: Flood - Ayeyarwady Region (4 Townships) - 30/07/2026,AHA-FL-2026-000826-MMR,Government Assigned Identifier,7/30/2026,8/1/2026,Weather related,Hydrological,Flood,Flood,,Myanmar Fire Services Department (MFSD),,"Lemyethna, Hinthada, Ayeyarwady, Myanmar","17.602751, 95.000252",County/City/town/Village/Woreda (ADM3),Origin,Displacement without preventive evacuations reported,2026-08-17T11:13:14.966038Z,"Myanmar: 11,975 displacements (evacuated), 30 July - 02 August. According to Myanmar Fire Services Department (MFSD), 11,975 people were evacuated in Lemyethna due to flooding between July 30 and August 2, 2026. Myanmar Fire Services Department (MFSD) - 03 August 2026",,Flood
254507,Myanmar,MMR,17.602751,95.000252,"[17.602751, 95.000252]",Triangulation,Disaster,total,1635,8/1/2026,7/30/2026,8/1/2026,2026,43326,Myanmar: Flood - Ayeyarwady Region (4 Townships) - 30/07/2026,AHA-FL-2026-000826-MMR,Government Assigned Identifier,7/30/2026,8/1/2026,Weather related,Hydrological,Flood,Flood,,Myanmar Fire Services Department (MFSD),,"Lemyethna, Hinthada, Ayeyarwady, Myanmar","17.602751, 95.000252",County/City/town/Village/Woreda (ADM3),Origin,Displacement without preventive evacuations reported,2026-08-17T11:10:40.058767Z,"Myanmar: 1,635 displacements (evacuated), 30 July - 01 August. According to Myanmar Fire Services Department (MFSD), 1,635 people were evacuated in Lemyethna due to flooding between July 30 and August 1, 2026. Myanmar Fire Services Department (MFSD) - 02 August 2026",,Flood
254505,Myanmar,MMR,17.602751,95.000252,"[17.602751, 95.000252]",Triangulation,Disaster,total,6747,7/30/2026,7/30/2026,7/30/2026,2026,43326,Myanmar: Flood - Ayeyarwady Region (4 Townships) - 30/07/2026,AHA-FL-2026-000826-MMR,Government Assigned Identifier,7/30/2026,8/1/2026,Weather related,Hydrological,Flood,Flood,,Myanmar Fire Services Department (MFSD),,"Lemyethna, Hinthada, Ayeyarwady, Myanmar","17.602751, 95.000252",County/City/town/Village/Woreda (ADM3),Origin,Displacement without preventive evacuations reported,2026-08-17T11:06:40.702768Z,"Myanmar: 6,747 displacements (evacuated), 30 July - 30 July. According to Myanmar Fire Services Department (MFSD), 6,747 people were evacuated in Lemyethna due to flooding on July 30, 2026. Myanmar Fire Services Department (MFSD) - 01 August 2026",,Flood
254513,Myanmar,MMR,17.602751,95.000252,"[17.602751, 95.000252]",Triangulation,Disaster,total,2217,7/30/2026,7/30/2026,7/30/2026,2026,43326,Myanmar: Flood - Ayeyarwady Region (4 Townships) - 30/07/2026,AHA-FL-2026-000826-MMR,Government Assigned Identifier,7/30/2026,8/1/2026,Weather related,Hydrological,Flood,Flood,,Myanmar Fire Services Department (MFSD),,"Lemyethna, Hinthada, Ayeyarwady, Myanmar","17.602751, 95.000252",County/City/town/Village/Woreda (ADM3),Origin,Displacement without preventive evacuations reported,2026-08-17T11:25:55.349334Z,"Myanmar: 2,217 displacements (evacuated), 30 July - 30 July. According to Myanmar Fire Services Department (MFSD), 2,217 people were evacuated in Lemyethna due to flooding on July 30, 2026. Myanmar Fire Services Department (MFSD) - 04 August 2026",,Flood
254624,Myanmar,MMR,20.78562,97.532921,"[20.78562, 97.532921]",Recommended figure,Conflict,total,100,8/3/2026,7/27/2026,8/3/2026,2026,37917,Myanmar: Non-International armed conflict (NIAC) - Shan State (North & South) - 2026,,,1/1/2026,12/31/2026,,,Non-International armed conflict (NIAC),Non-International armed conflict (NIAC),,UNHCR Myanmar,,"South Shan State, Shan State, Myanmar","20.78562, 97.532921",District/Zone/Department (ADM2),Destination,Displacement without preventive evacuations reported,2026-08-19T11:37:04.452458Z,"Myanmar: 100 displacements, 27 July - 03 August. According to UNHCR Myanmar, 100 people were displaced in South Shan State due to non-international armed conflict between July 27 and August 3, 2026. UNHCR Myanmar - 03 August 2026",,Non-International armed conflict (NIAC)
254625,Myanmar,MMR,22.01824,93.503799,"[22.01824, 93.503799]",Recommended figure,Conflict,total,19100,8/3/2026,7/27/2026,8/3/2026,2026,37916,Myanmar: Non-International armed conflict (NIAC) - Chin State - 2026,,,1/1/2026,12/31/2026,,,Non-International armed conflict (NIAC),Non-International armed conflict (NIAC),,UNHCR Myanmar,,"Chin State, Myanmar","22.01824, 93.503799",State/Region/Province (ADM1),Destination,Displacement without preventive evacuations reported,2026-08-19T11:37:04.499432Z,"Myanmar: 19,100 displacements, 27 July - 03 August. According to UNHCR Myanmar, 19,100 people were displaced in Chin State due to non-international armed conflict between July 27 and August 3, 2026. UNHCR Myanmar - 03 August 2026",,Non-International armed conflict (NIAC)
254626,Myanmar,MMR,19.28125,97.329178,"[19.28125, 97.329178]",Recommended figure,Conflict,total,200,8/3/2026,7/27/2026,8/3/2026,2026,37907,Myanmar: Non-International armed conflict (NIAC) - Kayah State - 2026,,,1/1/2026,12/31/2026,,,Non-International armed conflict (NIAC),Non-International armed conflict (NIAC),,UNHCR Myanmar,,"Kayah State, Myanmar","19.28125, 97.329178",State/Region/Province (ADM1),Destination,Displacement without preventive evacuations reported,2026-08-19T11:37:04.545621Z,"Myanmar: 200 displacements, 27 July - 03 August. According to UNHCR Myanmar, 200 people were displaced in Kayah State due to non-international armed conflict between July 27 and August 3, 2026. UNHCR Myanmar - 03 August 2026",,Non-International armed conflict (NIAC)
254627,Myanmar,MMR,26.020769,97.491928,"[26.020769, 97.491928]",Recommended figure,Conflict,total,10400,8/3/2026,7/27/2026,8/3/2026,2026,37908,Myanmar: Non-International armed conflict (NIAC) - Kachin State - 2026,,,1/1/2026,12/31/2026,,,Non-International armed conflict (NIAC),Non-International armed conflict (NIAC),,UNHCR Myanmar,,"Kachin State, Myanmar","26.020769, 97.491928",State/Region/Province (ADM1),Destination,Displacement without preventive evacuations reported,2026-08-19T11:37:04.591886Z,"Myanmar: 10,400 displacements, 27 July - 03 August. According to UNHCR Myanmar, 10,400 people were displaced in Kachin State due to non-international armed conflict between July 27 and August 3, 2026. UNHCR Myanmar - 03 August 2026",,Non-International armed conflict (NIAC)
254628,Myanmar,MMR,12.27192,98.489594,"[12.27192, 98.489594]",Recommended figure,Conflict,total,1400,8/3/2026,7/27/2026,8/3/2026,2026,37912,Myanmar: Non-International armed conflict (NIAC) - Tanintharyi Region - 2026,,,1/1/2026,12/31/2026,,,Non-International armed conflict (NIAC),Non-International armed conflict (NIAC),,UNHCR Myanmar,,"Tanintharyi Region, Myanmar","12.27192, 98.489594",State/Region/Province (ADM1),Destination,Displacement without preventive evacuations reported,2026-08-19T11:37:04.638374Z,"Myanmar: 1,400 displacements, 27 July - 03 August. According to UNHCR Myanmar, 1,400 people were displaced in Tanintharyi Region due to non-international armed conflict between July 27 and August 3, 2026. UNHCR Myanmar - 03 August 2026",,Non-International armed conflict (NIAC)
254500,Myanmar,MMR,20.274799,94.736221,"[20.274799, 94.736221]",Recommended figure,Disaster,total,243,7/27/2026,7/27/2026,7/27/2026,2026,43324,Myanmar: Flood - Magway Region (Kanma) - 27/07/2026,,,7/27/2026,7/27/2026,Weather related,Hydrological,Flood,Flood,,Myanmar Fire Services Department (MFSD),,"Magway Region, Myanmar","20.274799, 94.736221",State/Region/Province (ADM1),Origin,Displacement without preventive evacuations reported,2026-08-17T09:46:07.132495Z,"Myanmar: 243 displacements (evacuated), 27 July - 27 July. According to Myanmar Fire Services Department (MFSD), 243 people were evacuated in Magway Region due to flooding on July 27, 2026. Myanmar Fire Services Department (MFSD) - 28 July 2026",,Flood
254363,Myanmar,MMR,17.111309,97.32045,"[17.111309, 97.32045]",Recommended figure,Conflict,total,100,7/27/2026,7/20/2026,7/27/2026,2026,37913,Myanmar: Non-International armed conflict (NIAC) - Mon State - 2026,,,1/1/2026,12/31/2026,,,Non-International armed conflict (NIAC),Non-International armed conflict (NIAC),,UNHCR Myanmar,,"Mon State, Myanmar","17.111309, 97.32045",State/Region/Province (ADM1),Destination,Displacement without preventive evacuations reported,2026-08-13T08:37:43.873543Z,"Myanmar: 100 displacements, 20 July - 27 July. According to UNHCR Myanmar, 100 people were displaced in Mon State due to non-international armed conflict between the 20th and 27th of July 2026. UNHCR Myanmar - 27 July 2026",,Non-International armed conflict (NIAC)
254364,Myanmar,MMR,17.18631,97.749931,"[17.18631, 97.749931]",Recommended figure,Conflict,total,500,7/27/2026,7/20/2026,7/27/2026,2026,37915,Myanmar: Non-International armed conflict (NIAC) - Kayin State - 2026,,,1/1/2026,12/31/2026,,,Non-International armed conflict (NIAC),Non-International armed conflict (NIAC),,UNHCR Myanmar,,"Kayin State, Myanmar","17.18631, 97.749931",State/Region/Province (ADM1),Destination,Displacement without preventive evacuations reported,2026-08-13T08:37:43.935116Z,"Myanmar: 500 displacements, 20 July - 27 July. According to UNHCR Myanmar, 500 people were displaced in Kayin State due to non-international armed conflict between the 20th and 27th of July 2026. UNHCR Myanmar - 27 July 2026",,Non-International armed conflict (NIAC)
254365,Myanmar,MMR,20.274799,94.736221,"[20.274799, 94.736221]",Recommended figure,Conflict,total,35300,7/27/2026,7/20/2026,7/27/2026,2026,37910,Myanmar: Non-International armed conflict (NIAC) - Magway Region - 2026,,,1/1/2026,12/31/2026,,,Non-International armed conflict (NIAC),Non-International armed conflict (NIAC),,UNHCR Myanmar,,"Magway Region, Myanmar","20.274799, 94.736221",State/Region/Province (ADM1),Destination,Displacement without preventive evacuations reported,2026-08-13T08:37:43.995281Z,"Myanmar: 35,300 displacements, 20 July - 27 July. According to UNHCR Myanmar, 35,300 people were displaced in Magway Region due to non-international armed conflict between the 20th and 27th of July 2026. UNHCR Myanmar - 27 July 2026",,Non-International armed conflict (NIAC)
254340,Myanmar,MMR,19.40822,94.100594,"[19.40822, 94.100594]",Recommended figure,Conflict,total,100,7/20/2026,7/13/2026,7/20/2026,2026,37911,Myanmar: Non-International armed conflict (NIAC) - Rakhine State (Central & North) - 2026,,,1/1/2026,12/31/2026,,,Non-International armed conflict (NIAC),Non-International armed conflict (NIAC),,UNHCR Myanmar,,"Rakhine (North), Myanmar","19.40822, 94.100594",State/Region/Province (ADM1),Destination,Displacement without preventive evacuations reported,2026-08-13T08:17:05.539113Z,"Myanmar: 100 displacements, 13 July - 20 July. According to UNHCR Myanmar, 100 people were displaced in Rakhine (North) due to non-international armed conflict between the 13th and 20th of July 2026. UNHCR Myanmar - 20 July 2026",,Non-International armed conflict (NIAC)
254341,Myanmar,MMR,26.020769,97.491928,"[26.020769, 97.491928]",Recommended figure,Conflict,total,3300,7/20/2026,7/13/2026,7/20/2026,2026,37908,Myanmar: Non-International armed conflict (NIAC) - Kachin State - 2026,,,1/1/2026,12/31/2026,,,Non-International armed conflict (NIAC),Non-International armed conflict (NIAC),,UNHCR Myanmar,,"Kachin State, Myanmar","26.020769, 97.491928",State/Region/Province (ADM1),Destination,Displacement without preventive evacuations reported,2026-08-13T08:17:05.591930Z,"Myanmar: 3,300 displacements, 13 July - 20 July. According to UNHCR Myanmar, 3,300 people were displaced in Kachin State due to non-international armed conflict between the 13th and 20th of July 2026. UNHCR Myanmar - 20 July 2026",,Non-International armed conflict (NIAC)
254342,Myanmar,MMR,12.27192,98.489594,"[12.27192, 98.489594]",Recommended figure,Conflict,total,1700,7/20/2026,7/13/2026,7/20/2026,2026,37912,Myanmar: Non-International armed conflict (NIAC) - Tanintharyi Region - 2026,,,1/1/2026,12/31/2026,,,Non-International armed conflict (NIAC),Non-International armed conflict (NIAC),,UNHCR Myanmar,,"Tanintharyi Region, Myanmar","12.27192, 98.489594",State/Region/Province (ADM1),Destination,Displacement without preventive evacuations reported,2026-08-13T08:17:05.644243Z,"Myanmar: 1,700 displacements, 13 July - 20 July. According to UNHCR Myanmar, 1,700 people were displaced in Tanintharyi Region due to non-international armed conflict between the 13th and 20th of July 2026. UNHCR Myanmar - 20 July 2026",,Non-International armed conflict (NIAC)
252686,Myanmar,MMR,17.855841,97.019302,"[17.855841, 97.019302]",Recommended figure,Disaster,total,172,7/11/2026,7/11/2026,7/11/2026,2026,42990,Myanmar: Flood - Bago Region (Shwegyin Township) - 11/07/2026,,,7/11/2026,7/11/2026,Weather related,Hydrological,Flood,Flood,,Myanmar Fire Services Department (MFSD),,"Shwegyin Township, Bago District, East Bago Region, Bago Region, Myanmar","17.855841, 97.019302",County/City/town/Village/Woreda (ADM3),Origin,Displacement without preventive evacuations reported,2026-07-13T10:35:07.836266Z,"Myanmar: 172 displacements (evacuated), 11 July - 11 July. According to Myanmar Fire Services Department (MFSD), a total of 172 people were reported evacuated in Shwegyin Township, Bago District, East Bago Region, Bago Region, Myanmar after flooding on July 11, 2026. Myanmar Fire Services Department (MFSD) - 12 July 2026",,Flood
254317,Myanmar,MMR,20.98724,95.765671,"[20.98724, 95.765671]",Recommended figure,Conflict,total,500,7/13/2026,7/6/2026,7/13/2026,2026,37918,Myanmar: Non-International armed conflict (NIAC) - Mandalay Region - 2026,,,1/1/2026,12/31/2026,,,Non-International armed conflict (NIAC),Non-International armed conflict (NIAC),,UNHCR Myanmar,,"Mandalay Region, Myanmar","20.98724, 95.765671",State/Region/Province (ADM1),Destination,Displacement without preventive evacuations reported,2026-08-13T07:55:18.880154Z,"Myanmar: 500 displacements, 06 July - 13 July. According to UNHCR Myanmar, 500 people were displaced in Mandalay Region due to non-international armed conflict between the 6th and 13th of July 2026. UNHCR Myanmar - 13 July 2026",,Non-International armed conflict (NIAC)
254318,Myanmar,MMR,17.111309,97.32045,"[17.111309, 97.32045]",Recommended figure,Conflict,total,700,7/13/2026,7/6/2026,7/13/2026,2026,37913,Myanmar: Non-International armed conflict (NIAC) - Mon State - 2026,,,1/1/2026,12/31/2026,,,Non-International armed conflict (NIAC),Non-International armed conflict (NIAC),,UNHCR Myanmar,,"Mon State, Myanmar","17.111309, 97.32045",State/Region/Province (ADM1),Destination,Displacement without preventive evacuations reported,2026-08-13T07:55:18.947180Z,"Myanmar: 700 displacements, 06 July - 13 July. According to UNHCR Myanmar, 700 people were displaced in Mon State due to non-international armed conflict between the 6th and 13th of July 2026. UNHCR Myanmar - 13 July 2026",,Non-International armed conflict (NIAC)
254319,Myanmar,MMR,26.020769,97.491928,"[26.020769, 97.491928]",Recommended figure,Conflict,total,1900,7/13/2026,7/6/2026,7/13/2026,2026,37908,Myanmar: Non-International armed conflict (NIAC) - Kachin State - 2026,,,1/1/2026,12/31/2026,,,Non-International armed conflict (NIAC),Non-International armed conflict (NIAC),,UNHCR Myanmar,,"Kachin State, Myanmar","26.020769, 97.491928",State/Region/Province (ADM1),Destination,Displacement without preventive evacuations reported,2026-08-13T07:55:19.003326Z,"Myanmar: 1,900 displacements, 06 July - 13 July. According to UNHCR Myanmar, 1,900 people were displaced in Kachin State due to non-international armed conflict between the 6th and 13th of July 2026. UNHCR Myanmar - 13 July 2026",,Non-International armed conflict (NIAC)
254320,Myanmar,MMR,18.159109,96.65007,"[18.159109, 96.65007]",Recommended figure,Conflict,total,6700,7/13/2026,7/6/2026,7/13/2026,2026,37914,Myanmar: Non-International armed conflict (NIAC) - Bago Region (East & West) - 2026,,,1/1/2026,12/31/2026,,,Non-International armed conflict (NIAC),Non-International armed conflict (NIAC),,UNHCR Myanmar,,"East Bago Region, Bago Region, Myanmar","18.159109, 96.65007",District/Zone/Department (ADM2),Destination,Displacement without preventive evacuations reported,2026-08-13T07:55:19.065400Z,"Myanmar: 6,700 displacements, 06 July - 13 July. According to UNHCR Myanmar, 6,700 people were displaced in East Bago Region due to non-international armed conflict between the 6th and 13th of July 2026. UNHCR Myanmar - 13 July 2026",,Non-International armed conflict (NIAC)
254321,Myanmar,MMR,20.274799,94.736221,"[20.274799, 94.736221]",Recommended figure,Conflict,total,140500,7/13/2026,7/6/2026,7/13/2026,2026,37910,Myanmar: Non-International armed conflict (NIAC) - Magway Region - 2026,,,1/1/2026,12/31/2026,,,Non-International armed conflict (NIAC),Non-International armed conflict (NIAC),,UNHCR Myanmar,,"Magway Region, Myanmar","20.274799, 94.736221",State/Region/Province (ADM1),Destination,Displacement without preventive evacuations reported,2026-08-13T07:55:19.122101Z,"Myanmar: 140,500 displacements, 06 July - 13 July. According to UNHCR Myanmar, 140,500 people were displaced in Magway Region due to non-international armed conflict between the 6th and 13th of July 2026. UNHCR Myanmar - 13 July 2026",,Non-International armed conflict (NIAC)
254322,Myanmar,MMR,24.47151,95.465286,"[24.47151, 95.465286]",Recommended figure,Conflict,total,3100,7/13/2026,7/6/2026,7/13/2026,2026,37909,Myanmar: Non-International armed conflict (NIAC) - Sagaing Region - 2026,,,1/1/2026,12/31/2026,,,Non-International armed conflict (NIAC),Non-International armed conflict (NIAC),,UNHCR Myanmar,,"Sagaing, Myanmar","24.47151, 95.465286",State/Region/Province (ADM1),Destination,Displacement without preventive evacuations reported,2026-08-13T07:55:19.178666Z,"Myanmar: 3,100 displacements, 06 July - 13 July. According to UNHCR Myanmar, 3,100 people were displaced in Sagaing due to non-international armed conflict between the 6th and 13th of July 2026. UNHCR Myanmar - 13 July 2026",,Non-International armed conflict (NIAC)
252977,Myanmar,MMR,18.344801,94.616608,"[18.344801, 94.616608]",Recommended figure,Disaster,approximately,200,7/5/2026,7/5/2026,7/5/2026,2026,43041,"Myanmar: Tornado - Arakan State, Bago Region, Yangon Region - 05/07/2026",,,7/5/2026,7/5/2026,Weather related,Meteorological,Storm,Tornado,,The Democratic Voice of Burma (DVB),,"Thandwe Township, Thandwe District, Rakhine, Myanmar","18.344801, 94.616608",District/Zone/Department (ADM2),Origin,,2026-07-20T09:08:01.874903Z,"Myanmar: 200 displacements (destroyed housing), 05 July - 05 July. According to media sources, about 200 people were displaced due to destroyed housing in Thandwe Township, Thandwe District, Rakhine, Myanmar after a tornado on July 5, 2026. The Democratic Voice of Burma (DVB) - 06 July 2026",,Storm
252979,Myanmar,MMR,18.517679,95.793152,"[18.517679, 95.793152]",Recommended figure,Disaster,total,253,7/5/2026,7/5/2026,7/5/2026,2026,43041,"Myanmar: Tornado - Arakan State, Bago Region, Yangon Region - 05/07/2026",,,7/5/2026,7/5/2026,Weather related,Meteorological,Storm,Tornado,,The Democratic Voice of Burma (DVB),,"Nattalin Township, Tharrawaddy District, West Bago Region, Bago Region, Myanmar","18.517679, 95.793152",County/City/town/Village/Woreda (ADM3),Origin,,2026-07-20T09:08:01.999930Z,"Myanmar: 253 displacements (destroyed housing), 05 July - 05 July. According to media sources, at least 60 households were displaced as homes were destroyed in Nattalin Township, Tharrawaddy District, West Bago Region, Bago Region, Myanmar after a tornado on July 5, 2026. The Democratic Voice of Burma (DVB) - 06 July 2026",,Storm
252981,Myanmar,MMR,17.059429,96.113388,"[17.059429, 96.113388]",Recommended figure,Disaster,total,68,7/5/2026,7/5/2026,7/5/2026,2026,43041,"Myanmar: Tornado - Arakan State, Bago Region, Yangon Region - 05/07/2026",,,7/5/2026,7/5/2026,Weather related,Meteorological,Storm,Tornado,,The Democratic Voice of Burma (DVB),,"Yangon, Myanmar","17.059429, 96.113388",State/Region/Province (ADM1),Origin,,2026-07-20T09:08:02.115481Z,"Myanmar: 68 displacements (destroyed housing), 05 July - 05 July. According to media sources, a total of 16 households were displaced as homes were destroyed in Yangon, Myanmar after a tornado on July 5, 2026. The Democratic Voice of Burma (DVB) - 06 July 2026",,Storm
252680,Myanmar,MMR,26.020769,97.491928,"[26.020769, 97.491928]",Recommended figure,Conflict,total,1500,7/6/2026,6/29/2026,7/6/2026,2026,37908,Myanmar: Non-International armed conflict (NIAC) - Kachin State - 2026,,,1/1/2026,12/31/2026,,,Non-International armed conflict (NIAC),Non-International armed conflict (NIAC),,UNHCR Myanmar,,"Kachin State, Myanmar","26.020769, 97.491928",State/Region/Province (ADM1),Destination,Displacement without preventive evacuations reported,2026-07-13T09:49:25.260386Z,"Myanmar: 1,500 displacements, 29 June - 06 July. According to UNHCR Myanmar, 1,500 people were reported displaced in Kachin State, Myanmar during non-international armed conflict between June 29 and July 6, 2026. UNHCR Myanmar - 06 July 2026",,Non-International armed conflict (NIAC)
252681,Myanmar,MMR,18.159109,96.65007,"[18.159109, 96.65007]",Recommended figure,Conflict,total,400,7/6/2026,6/29/2026,7/6/2026,2026,37914,Myanmar: Non-International armed conflict (NIAC) - Bago Region (East & West) - 2026,,,1/1/2026,12/31/2026,,,Non-International armed conflict (NIAC),Non-International armed conflict (NIAC),,UNHCR Myanmar,,"East Bago Region, Bago Region, Myanmar","18.159109, 96.65007",District/Zone/Department (ADM2),Destination,Displacement without preventive evacuations reported,2026-07-13T09:49:25.333822Z,"Myanmar: 400 displacements, 29 June - 06 July. According to UNHCR Myanmar, a total of 400 people were reported displaced in East Bago Region, Bago Region, Myanmar during non-international armed conflict between June 29 and July 6, 2026. UNHCR Myanmar - 06 July 2026",,Non-International armed conflict (NIAC)
252682,Myanmar,MMR,12.27192,98.489594,"[12.27192, 98.489594]",Recommended figure,Conflict,total,900,7/6/2026,6/29/2026,7/6/2026,2026,37912,Myanmar: Non-International armed conflict (NIAC) - Tanintharyi Region - 2026,,,1/1/2026,12/31/2026,,,Non-International armed conflict (NIAC),Non-International armed conflict (NIAC),,UNHCR Myanmar,,"Tanintharyi Region, Myanmar","12.27192, 98.489594",State/Region/Province (ADM1),Destination,Displacement without preventive evacuations reported,2026-07-13T09:49:25.389996Z,"Myanmar: 900 displacements, 29 June - 06 July. According to UNHCR Myanmar, 900 people were reported displaced in Tanintharyi Region, Myanmar during non-international armed conflict between June 29 and July 6, 2026. UNHCR Myanmar - 06 July 2026",,Non-International armed conflict (NIAC)
252683,Myanmar,MMR,17.18631,97.749931,"[17.18631, 97.749931]",Recommended figure,Conflict,total,100,7/6/2026,6/29/2026,7/6/2026,2026,37915,Myanmar: Non-International armed conflict (NIAC) - Kayin State - 2026,,,1/1/2026,12/31/2026,,,Non-International armed conflict (NIAC),Non-International armed conflict (NIAC),,UNHCR Myanmar,,"Kayin State, Myanmar","17.18631, 97.749931",State/Region/Province (ADM1),Destination,Displacement without preventive evacuations reported,2026-07-13T09:49:25.447294Z,"Myanmar: 100 displacements, 29 June - 06 July. According to UNHCR Myanmar, 100 people were reported displaced in Kayin State, Myanmar during non-international armed conflict between June 29 and July 6, 2026. UNHCR Myanmar - 06 July 2026",,Non-International armed conflict (NIAC)
252684,Myanmar,MMR,20.274799,94.736221,"[20.274799, 94.736221]",Recommended figure,Conflict,total,15800,7/6/2026,6/29/2026,7/6/2026,2026,37910,Myanmar: Non-International armed conflict (NIAC) - Magway Region - 2026,,,1/1/2026,12/31/2026,,,Non-International armed conflict (NIAC),Non-International armed conflict (NIAC),,UNHCR Myanmar,,"Magway Region, Myanmar","20.274799, 94.736221",State/Region/Province (ADM1),Destination,Displacement without preventive evacuations reported,2026-07-13T09:49:25.501283Z,"Myanmar: 15,800 displacements, 29 June - 06 July. According to UNHCR Myanmar, a total of 15,800 people were reported displaced in Magway Region, Myanmar during non-international armed conflict between June 29 and July 6, 2026. UNHCR Myanmar - 06 July 2026",,Non-International armed conflict (NIAC)
252685,Myanmar,MMR,19.40822,94.100594,"[19.40822, 94.100594]",Recommended figure,Conflict,total,1600,7/6/2026,6/29/2026,7/6/2026,2026,37911,Myanmar: Non-International armed conflict (NIAC) - Rakhine State (Central & North) - 2026,,,1/1/2026,12/31/2026,,,Non-International armed conflict (NIAC),Non-International armed conflict (NIAC),,UNHCR Myanmar,,"Rakhine (Central), Myanmar","19.40822, 94.100594",State/Region/Province (ADM1),Destination,Displacement without preventive evacuations reported,2026-07-13T09:49:25.558928Z,"Myanmar: 1,600 displacements, 29 June - 06 July. According to UNHCR Myanmar, 1,600 people were reported displaced in Rakhine (Central), Myanmar during non-international armed conflict between June 29 and July 6, 2026. UNHCR Myanmar - 06 July 2026",,Non-International armed conflict (NIAC)
252659,Myanmar,MMR,12.27192,98.489594,"[12.27192, 98.489594]",Recommended figure,Conflict,total,2200,6/29/2026,6/22/2026,6/29/2026,2026,37912,Myanmar: Non-International armed conflict (NIAC) - Tanintharyi Region - 2026,,,1/1/2026,12/31/2026,,,Non-International armed conflict (NIAC),Non-International armed conflict (NIAC),,UNHCR Myanmar,,"Tanintharyi Region, Myanmar","12.27192, 98.489594",State/Region/Province (ADM1),Destination,Displacement without preventive evacuations reported,2026-07-13T09:27:23.989256Z,"Myanmar: 2,200 displacements, 22 June - 29 June. According to UNHCR Myanmar, 2,200 people were reported displaced in Tanintharyi Region, Myanmar during a non-international armed conflict between June 22 and June 29, 2026. UNHCR Myanmar - 29 June 2026",,Non-International armed conflict (NIAC)
252660,Myanmar,MMR,17.18631,97.749931,"[17.18631, 97.749931]",Recommended figure,Conflict,total,600,6/29/2026,6/22/2026,6/29/2026,2026,37915,Myanmar: Non-International armed conflict (NIAC) - Kayin State - 2026,,,1/1/2026,12/31/2026,,,Non-International armed conflict (NIAC),Non-International armed conflict (NIAC),,UNHCR Myanmar,,"Kayin State, Myanmar","17.18631, 97.749931",State/Region/Province (ADM1),Destination,Displacement without preventive evacuations reported,2026-07-13T09:27:24.053966Z,"Myanmar: 600 displacements, 22 June - 29 June. According to UNHCR Myanmar, a total of 600 people were reported displaced in Kayin State, Myanmar during a non-international armed conflict between June 22 and June 29, 2026. UNHCR Myanmar - 29 June 2026",,Non-International armed conflict (NIAC)
252661,Myanmar,MMR,20.274799,94.736221,"[20.274799, 94.736221]",Recommended figure,Conflict,total,200,6/29/2026,6/22/2026,6/29/2026,2026,37910,Myanmar: Non-International armed conflict (NIAC) - Magway Region - 2026,,,1/1/2026,12/31/2026,,,Non-International armed conflict (NIAC),Non-International armed conflict (NIAC),,UNHCR Myanmar,,"Magway Region, Myanmar","20.274799, 94.736221",State/Region/Province (ADM1),Destination,Displacement without preventive evacuations reported,2026-07-13T09:27:24.119004Z,"Myanmar: 200 displacements, 22 June - 29 June. According to UNHCR Myanmar, a total of 200 people were reported displaced in Magway Region, Myanmar during a non-international armed conflict between June 22 and June 29, 2026. UNHCR Myanmar - 29 June 2026",,Non-International armed conflict (NIAC)
252662,Myanmar,MMR,19.40822,94.100594,"[19.40822, 94.100594]",Recommended figure,Conflict,total,7200,6/29/2026,6/22/2026,6/29/2026,2026,37911,Myanmar: Non-International armed conflict (NIAC) - Rakhine State (Central & North) - 2026,,,1/1/2026,12/31/2026,,,Non-International armed conflict (NIAC),Non-International armed conflict (NIAC),,UNHCR Myanmar,,"Rakhine (Central), Myanmar","19.40822, 94.100594",State/Region/Province (ADM1),Destination,Displacement without preventive evacuations reported,2026-07-13T09:27:24.191584Z,"Myanmar: 7,200 displacements, 22 June - 29 June. According to UNHCR Myanmar, a total of 7,200 people were reported displaced in Rakhine (Central), Myanmar during a non-international armed conflict between June 22 and June 29, 2026. UNHCR Myanmar - 29 June 2026",,Non-International armed conflict (NIAC)
252638,Myanmar,MMR,17.111309,97.32045,"[17.111309, 97.32045]",Recommended figure,Conflict,total,1400,6/22/2026,6/15/2026,6/22/2026,2026,37913,Myanmar: Non-International armed conflict (NIAC) - Mon State - 2026,,,1/1/2026,12/31/2026,,,Non-International armed conflict (NIAC),Non-International armed conflict (NIAC),,UNHCR Myanmar,,"Mon State, Myanmar","17.111309, 97.32045",State/Region/Province (ADM1),Destination,Displacement without preventive evacuations reported,2026-07-13T09:01:42.148761Z,"Myanmar: 1,400 displacements, 15 June - 22 June. According to UNHCR Myanmar, a total of 1,400 people were reported displaced in Mon State, Myanmar during a non-international armed conflict between June 15 and June 22, 2026. UNHCR Myanmar - 22 June 2026",,Non-International armed conflict (NIAC)
252639,Myanmar,MMR,18.159109,96.65007,"[18.159109, 96.65007]",Recommended figure,Conflict,total,7700,6/22/2026,6/15/2026,6/22/2026,2026,37914,Myanmar: Non-International armed conflict (NIAC) - Bago Region (East & West) - 2026,,,1/1/2026,12/31/2026,,,Non-International armed conflict (NIAC),Non-International armed conflict (NIAC),,UNHCR Myanmar,,"East Bago Region, Bago Region, Myanmar","18.159109, 96.65007",District/Zone/Department (ADM2),Destination,Displacement without preventive evacuations reported,2026-07-13T09:01:42.207094Z,"Myanmar: 7,700 displacements, 15 June - 22 June. According to UNHCR Myanmar, 7,700 people were reported displaced in East Bago Region, Bago Region, Myanmar during a non-international armed conflict between June 15 and June 22, 2026. UNHCR Myanmar - 22 June 2026",,Non-International armed conflict (NIAC)
252640,Myanmar,MMR,17.18631,97.749931,"[17.18631, 97.749931]",Recommended figure,Conflict,total,400,6/22/2026,6/15/2026,6/22/2026,2026,37915,Myanmar: Non-International armed conflict (NIAC) - Kayin State - 2026,,,1/1/2026,12/31/2026,,,Non-International armed conflict (NIAC),Non-International armed conflict (NIAC),,UNHCR Myanmar,,"Kayin State, Myanmar","17.18631, 97.749931",State/Region/Province (ADM1),Destination,Displacement without preventive evacuations reported,2026-07-13T09:01:42.266064Z,"Myanmar: 400 displacements, 15 June - 22 June. According to UNHCR Myanmar, a total of 400 people were reported displaced in Kayin State, Myanmar during a non-international armed conflict between June 15 and June 22, 2026. UNHCR Myanmar - 22 June 2026",,Non-International armed conflict (NIAC)
252641,Myanmar,MMR,24.47151,95.465286,"[24.47151, 95.465286]",Recommended figure,Conflict,total,400,6/22/2026,6/15/2026,6/22/2026,2026,37909,Myanmar: Non-International armed conflict (NIAC) - Sagaing Region - 2026,,,1/1/2026,12/31/2026,,,Non-International armed conflict (NIAC),Non-International armed conflict (NIAC),,UNHCR Myanmar,,"Sagaing, Myanmar","24.47151, 95.465286",State/Region/Province (ADM1),Destination,Displacement without preventive evacuations reported,2026-07-13T09:01:42.322197Z,"Myanmar: 400 displacements, 15 June - 22 June. According to UNHCR Myanmar, a total of 400 people were reported displaced in Sagaing, Myanmar during a non-international armed conflict between June 15 and June 22, 2026. UNHCR Myanmar - 22 June 2026",,Non-International armed conflict (NIAC)
252617,Myanmar,MMR,18.32782,95.64238,"[18.32782, 95.64238]",Recommended figure,Conflict,total,4100,6/15/2026,6/8/2026,6/15/2026,2026,37914,Myanmar: Non-International armed conflict (NIAC) - Bago Region (East & West) - 2026,,,1/1/2026,12/31/2026,,,Non-International armed conflict (NIAC),Non-International armed conflict (NIAC),,UNHCR Myanmar,,"West Bago Region, Bago Region, Myanmar","18.32782, 95.64238",District/Zone/Department (ADM2),Destination,Displacement without preventive evacuations reported,2026-07-13T08:32:02.612691Z,"Myanmar: 4,100 displacements, 08 June - 15 June. According to UNHCR Myanmar, 4,100 people were reported displaced in West Bago Region, Bago Region, Myanmar between a non-international armed conflict on June 8 and June 15, 2026. UNHCR Myanmar - 15 July 2026",,Non-International armed conflict (NIAC)
252618,Myanmar,MMR,18.159109,96.65007,"[18.159109, 96.65007]",Recommended figure,Conflict,total,2800,6/15/2026,6/8/2026,6/15/2026,2026,37914,Myanmar: Non-International armed conflict (NIAC) - Bago Region (East & West) - 2026,,,1/1/2026,12/31/2026,,,Non-International armed conflict (NIAC),Non-International armed conflict (NIAC),,UNHCR Myanmar,,"East Bago Region, Bago Region, Myanmar","18.159109, 96.65007",District/Zone/Department (ADM2),Destination,Displacement without preventive evacuations reported,2026-07-13T08:32:02.670293Z,"Myanmar: 2,800 displacements, 08 June - 15 June. According to UNHCR Myanmar, 2,800 people were reported displaced in East Bago Region, Bago Region, Myanmar during a non-international armed conflict between June 8 and June 15, 2026. UNHCR Myanmar - 15 July 2026",,Non-International armed conflict (NIAC)
252619,Myanmar,MMR,17.18631,97.749931,"[17.18631, 97.749931]",Recommended figure,Conflict,total,700,6/15/2026,6/8/2026,6/15/2026,2026,37915,Myanmar: Non-International armed conflict (NIAC) - Kayin State - 2026,,,1/1/2026,12/31/2026,,,Non-International armed conflict (NIAC),Non-International armed conflict (NIAC),,UNHCR Myanmar,,"Kayin State, Myanmar","17.18631, 97.749931",State/Region/Province (ADM1),Destination,Displacement without preventive evacuations reported,2026-07-13T08:32:02.724731Z,"Myanmar: 700 displacements, 08 June - 15 June. According to UNHCR Myanmar, 700 people were reported displaced in Kayin State, Myanmar during a non-international armed conflict between June 8 and June 15, 2026. UNHCR Myanmar - 15 July 2026",,Non-International armed conflict (NIAC)
252620,Myanmar,MMR,20.274799,94.736221,"[20.274799, 94.736221]",Recommended figure,Conflict,total,300,6/15/2026,6/8/2026,6/15/2026,2026,37910,Myanmar: Non-International armed conflict (NIAC) - Magway Region - 2026,,,1/1/2026,12/31/2026,,,Non-International armed conflict (NIAC),Non-International armed conflict (NIAC),,UNHCR Myanmar,,"Magway Region, Myanmar","20.274799, 94.736221",State/Region/Province (ADM1),Destination,Displacement without preventive evacuations reported,2026-07-13T08:32:02.782522Z,"Myanmar: 300 displacements, 08 June - 15 June. According to UNHCR Myanmar, a total of 300 people were reported displaced in Magway Region, Myanmar during a non-international armed conflict between June 8 and June 15, 2026. UNHCR Myanmar - 15 July 2026",,Non-International armed conflict (NIAC)
251175,Myanmar,MMR,18.32782,95.64238,"[18.32782, 95.64238]",Recommended figure,Conflict,total,4500,6/8/2026,6/1/2026,6/8/2026,2026,37914,Myanmar: Non-International armed conflict (NIAC) - Bago Region (East & West) - 2026,,,1/1/2026,12/31/2026,,,Non-International armed conflict (NIAC),Non-International armed conflict (NIAC),,UNHCR Myanmar,,"West Bago Region, Bago Region, Myanmar","18.32782, 95.64238",District/Zone/Department (ADM2),Destination,Displacement without preventive evacuations reported,2026-06-12T05:41:58.543238Z,"Myanmar: 4,500 displacements, 01 June - 08 June. According to UNHCR Myanmar, at least 4,500 people were reported displaced in West Bago Region, Bago Region, Myanmar after non-international armed conflict between June 1 and June 8, 2026. UNHCR Myanmar - 08 June 2026",,Non-International armed conflict (NIAC)
251176,Myanmar,MMR,20.98724,95.765671,"[20.98724, 95.765671]",Recommended figure,Conflict,total,800,6/8/2026,6/1/2026,6/8/2026,2026,37918,Myanmar: Non-International armed conflict (NIAC) - Mandalay Region - 2026,,,1/1/2026,12/31/2026,,,Non-International armed conflict (NIAC),Non-International armed conflict (NIAC),,UNHCR Myanmar,,"Mandalay Region, Myanmar","20.98724, 95.765671",State/Region/Province (ADM1),Destination,Displacement without preventive evacuations reported,2026-06-12T05:41:58.594001Z,"Myanmar: 800 displacements, 01 June - 08 June. According to UNHCR Myanmar, at least 800 people were reported displaced in Mandalay Region, Myanmar after non-international armed conflict between June 1 and June 8, 2026. UNHCR Myanmar - 08 June 2026",,Non-International armed conflict (NIAC)
251177,Myanmar,MMR,20.274799,94.736221,"[20.274799, 94.736221]",Recommended figure,Conflict,total,100,6/8/2026,6/1/2026,6/8/2026,2026,37910,Myanmar: Non-International armed conflict (NIAC) - Magway Region - 2026,,,1/1/2026,12/31/2026,,,Non-International armed conflict (NIAC),Non-International armed conflict (NIAC),,UNHCR Myanmar,,"Magway Region, Myanmar","20.274799, 94.736221",State/Region/Province (ADM1),Destination,Displacement without preventive evacuations reported,2026-06-12T05:41:58.648095Z,"Myanmar: 100 displacements, 01 June - 08 June. According to UNHCR Myanmar, at least 100 people were reported displaced in Magway Region, Myanmar after non-international armed conflict between June 1 and June 8, 2026. UNHCR Myanmar - 08 June 2026",,Non-International armed conflict (NIAC)
251178,Myanmar,MMR,19.40822,94.100594,"[19.40822, 94.100594]",Recommended figure,Conflict,total,100,6/8/2026,6/1/2026,6/8/2026,2026,37911,Myanmar: Non-International armed conflict (NIAC) - Rakhine State (Central & North) - 2026,,,1/1/2026,12/31/2026,,,Non-International armed conflict (NIAC),Non-International armed conflict (NIAC),,UNHCR Myanmar,,"Rakhine (Central), Myanmar","19.40822, 94.100594",State/Region/Province (ADM1),Destination,Displacement without preventive evacuations reported,2026-06-12T05:41:58.709225Z,"Myanmar: 100 displacements, 01 June - 08 June. According to UNHCR Myanmar, a total of 100 people were reported displaced in Rakhine (Central), Myanmar after non-international armed conflict between June 1 and June 8, 2026. UNHCR Myanmar - 08 June 2026",,Non-International armed conflict (NIAC)
251154,Myanmar,MMR,18.32782,95.64238,"[18.32782, 95.64238]",Recommended figure,Conflict,total,1900,6/1/2026,5/25/2026,6/1/2026,2026,37914,Myanmar: Non-International armed conflict (NIAC) - Bago Region (East & West) - 2026,,,1/1/2026,12/31/2026,,,Non-International armed conflict (NIAC),Non-International armed conflict (NIAC),,UNHCR Myanmar,,"West Bago Region, Bago Region, Myanmar","18.32782, 95.64238",District/Zone/Department (ADM2),Destination,Displacement without preventive evacuations reported,2026-06-12T05:23:56.772213Z,"Myanmar: 1,900 displacements, 25 May - 01 June. According to UNHCR Myanmar, at least 1,900 people were reported displaced in West Bago Region, Bago Region, Myanmar after non-international armed conflict between May 25 and June 1, 2026. UNHCR Myanmar - 01 June 2026",,Non-International armed conflict (NIAC)
251155,Myanmar,MMR,19.28125,97.329178,"[19.28125, 97.329178]",Recommended figure,Conflict,total,100,6/1/2026,5/25/2026,6/1/2026,2026,37907,Myanmar: Non-International armed conflict (NIAC) - Kayah State - 2026,,,1/1/2026,12/31/2026,,,Non-International armed conflict (NIAC),Non-International armed conflict (NIAC),,UNHCR Myanmar,,"Kayah State, Myanmar","19.28125, 97.329178",State/Region/Province (ADM1),Destination,Displacement without preventive evacuations reported,2026-06-12T05:23:56.826602Z,"Myanmar: 100 displacements, 25 May - 01 June. According to UNHCR Myanmar, a total of 100 people were reported displaced in Kayah State, Myanmar after non-international armed conflict between May 25 and June 1, 2026. UNHCR Myanmar - 01 June 2026",,Non-International armed conflict (NIAC)
251156,Myanmar,MMR,12.27192,98.489594,"[12.27192, 98.489594]",Recommended figure,Conflict,total,100,6/1/2026,5/25/2026,6/1/2026,2026,37912,Myanmar: Non-International armed conflict (NIAC) - Tanintharyi Region - 2026,,,1/1/2026,12/31/2026,,,Non-International armed conflict (NIAC),Non-International armed conflict (NIAC),,UNHCR Myanmar,,"Tanintharyi Region, Myanmar","12.27192, 98.489594",State/Region/Province (ADM1),Destination,Displacement without preventive evacuations reported,2026-06-12T05:23:56.882275Z,"Myanmar: 100 displacements, 25 May - 01 June. According to UNHCR Myanmar, at least 100 people were reported displaced in Tanintharyi Region, Myanmar after non-international armed conflict between May 25 and June 1, 2026. UNHCR Myanmar - 01 June 2026",,Non-International armed conflict (NIAC)
251157,Myanmar,MMR,17.18631,97.749931,"[17.18631, 97.749931]",Recommended figure,Conflict,total,100,6/1/2026,5/25/2026,6/1/2026,2026,37915,Myanmar: Non-International armed conflict (NIAC) - Kayin State - 2026,,,1/1/2026,12/31/2026,,,Non-International armed conflict (NIAC),Non-International armed conflict (NIAC),,UNHCR Myanmar,,"Kayin State, Myanmar","17.18631, 97.749931",State/Region/Province (ADM1),Destination,Displacement without preventive evacuations reported,2026-06-12T05:23:56.933905Z,"Myanmar: 100 displacements, 25 May - 01 June. According to UNHCR Myanmar, a total of 100 people were reported displaced in Kayin State, Myanmar after non-international armed conflict between May 25 and June 1, 2026. UNHCR Myanmar - 01 June 2026",,Non-International armed conflict (NIAC)
251132,Myanmar,MMR,20.98724,95.765671,"[20.98724, 95.765671]",Recommended figure,Conflict,total,300,5/25/2026,5/18/2026,5/25/2026,2026,37918,Myanmar: Non-International armed conflict (NIAC) - Mandalay Region - 2026,,,1/1/2026,12/31/2026,,,Non-International armed conflict (NIAC),Non-International armed conflict (NIAC),,UNHCR Myanmar,,"Mandalay Region, Myanmar","20.98724, 95.765671",State/Region/Province (ADM1),Destination,Displacement without preventive evacuations reported,2026-06-12T05:06:59.639431Z,"Myanmar: 300 displacements, 18 May - 25 May. According to UNHCR Myanmar, a total of 300 people were reported displaced in Mandalay Region, Myanmar after non-international armed conflict between May 18 and May 25, 2026. UNHCR Myanmar - 25 May 2026",,Non-International armed conflict (NIAC)
251133,Myanmar,MMR,22.01824,93.503799,"[22.01824, 93.503799]",Recommended figure,Conflict,total,200,5/25/2026,5/18/2026,5/25/2026,2026,37916,Myanmar: Non-International armed conflict (NIAC) - Chin State - 2026,,,1/1/2026,12/31/2026,,,Non-International armed conflict (NIAC),Non-International armed conflict (NIAC),,UNHCR Myanmar,,"Chin State, Myanmar","22.01824, 93.503799",State/Region/Province (ADM1),Destination,Displacement without preventive evacuations reported,2026-06-12T05:06:59.694964Z,"Myanmar: 200 displacements, 18 May - 25 May. According to UNHCR Myanmar, a total of 200 people were reported displaced in Chin State, Myanmar after non-international armed conflict between May 18 and May 25, 2026. UNHCR Myanmar - 25 May 2026",,Non-International armed conflict (NIAC)
251134,Myanmar,MMR,18.159109,96.65007,"[18.159109, 96.65007]",Recommended figure,Conflict,total,6700,5/25/2026,5/18/2026,5/25/2026,2026,37914,Myanmar: Non-International armed conflict (NIAC) - Bago Region (East & West) - 2026,,,1/1/2026,12/31/2026,,,Non-International armed conflict (NIAC),Non-International armed conflict (NIAC),,UNHCR Myanmar,,"East Bago Region, Bago Region, Myanmar","18.159109, 96.65007",District/Zone/Department (ADM2),Destination,Displacement without preventive evacuations reported,2026-06-12T05:06:59.749585Z,"Myanmar: 6,700 displacements, 18 May - 25 May. According to UNHCR Myanmar, at least 6,700 people were reported displaced in East Bago Region, Bago Region, Myanmar after non-international armed conflict between May 18 and May 25, 2026. UNHCR Myanmar - 25 May 2026",,Non-International armed conflict (NIAC)
251135,Myanmar,MMR,17.18631,97.749931,"[17.18631, 97.749931]",Recommended figure,Conflict,total,400,5/25/2026,5/18/2026,5/25/2026,2026,37915,Myanmar: Non-International armed conflict (NIAC) - Kayin State - 2026,,,1/1/2026,12/31/2026,,,Non-International armed conflict (NIAC),Non-International armed conflict (NIAC),,UNHCR Myanmar,,"Kayin State, Myanmar","17.18631, 97.749931",State/Region/Province (ADM1),Destination,Displacement without preventive evacuations reported,2026-06-12T05:06:59.817265Z,"Myanmar: 400 displacements, 18 May - 25 May. According to UNHCR Myanmar, at least 400 people were reported displaced in Kayin State, Myanmar after non-international armed conflict between May 18 and May 25, 2026. UNHCR Myanmar - 25 May 2026",,Non-International armed conflict (NIAC)
251136,Myanmar,MMR,19.40822,94.100594,"[19.40822, 94.100594]",Recommended figure,Conflict,total,1800,5/25/2026,5/18/2026,5/25/2026,2026,37911,Myanmar: Non-International armed conflict (NIAC) - Rakhine State (Central & North) - 2026,,,1/1/2026,12/31/2026,,,Non-International armed conflict (NIAC),Non-International armed conflict (NIAC),,UNHCR Myanmar,,"Rakhine (Central), Myanmar","19.40822, 94.100594",State/Region/Province (ADM1),Destination,Displacement without preventive evacuations reported,2026-06-12T05:06:59.887793Z,"Myanmar: 1,800 displacements, 18 May - 25 May. According to UNHCR Myanmar, at least 1,800 people were reported displaced in Rakhine (Central), Myanmar after non-international armed conflict between May 18 and May 25, 2026. UNHCR Myanmar - 25 May 2026",,Non-International armed conflict (NIAC)
251111,Myanmar,MMR,20.98724,95.765671,"[20.98724, 95.765671]",Recommended figure,Conflict,total,1500,5/18/2026,5/11/2026,5/18/2026,2026,37918,Myanmar: Non-International armed conflict (NIAC) - Mandalay Region - 2026,,,1/1/2026,12/31/2026,,,Non-International armed conflict (NIAC),Non-International armed conflict (NIAC),,UNHCR Myanmar,,"Mandalay Region, Myanmar","20.98724, 95.765671",State/Region/Province (ADM1),Destination,Displacement without preventive evacuations reported,2026-06-12T04:38:06.199213Z,"Myanmar: 1,500 displacements, 11 May - 18 May. According to UNHCR Myanmar, at least 1,500 people were reported displaced in Mandalay Region, Myanmar after non-international armed conflict between May 11 and May 18, 2026. UNHCR Myanmar - 18 May 2026",,Non-International armed conflict (NIAC)
251112,Myanmar,MMR,26.020769,97.491928,"[26.020769, 97.491928]",Recommended figure,Conflict,total,1700,5/18/2026,5/11/2026,5/18/2026,2026,37908,Myanmar: Non-International armed conflict (NIAC) - Kachin State - 2026,,,1/1/2026,12/31/2026,,,Non-International armed conflict (NIAC),Non-International armed conflict (NIAC),,UNHCR Myanmar,,"Kachin State, Myanmar","26.020769, 97.491928",State/Region/Province (ADM1),Destination,Displacement without preventive evacuations reported,2026-06-12T04:38:06.271547Z,"Myanmar: 1,700 displacements, 11 May - 18 May. According to UNHCR Myanmar, at least 1,700 people were reported displaced in Kachin State, Myanmar after non-international armed conflict between May 11 and May 18, 2026. UNHCR Myanmar - 18 May 2026",,Non-International armed conflict (NIAC)
251113,Myanmar,MMR,20.274799,94.736221,"[20.274799, 94.736221]",Recommended figure,Conflict,total,300,5/18/2026,5/11/2026,5/18/2026,2026,37910,Myanmar: Non-International armed conflict (NIAC) - Magway Region - 2026,,,1/1/2026,12/31/2026,,,Non-International armed conflict (NIAC),Non-International armed conflict (NIAC),,UNHCR Myanmar,,"Magway Region, Myanmar","20.274799, 94.736221",State/Region/Province (ADM1),Destination,Displacement without preventive evacuations reported,2026-06-12T04:38:06.330667Z,"Myanmar: 300 displacements, 11 May - 18 May. According to UNHCR Myanmar, at least 300 people were reported displaced in Magway Region, Myanmar after non-international armed conflict between May 11 and May 18, 2026. UNHCR Myanmar - 18 May 2026",,Non-International armed conflict (NIAC)
251114,Myanmar,MMR,24.47151,95.465286,"[24.47151, 95.465286]",Recommended figure,Conflict,total,8200,5/18/2026,5/11/2026,5/18/2026,2026,37909,Myanmar: Non-International armed conflict (NIAC) - Sagaing Region - 2026,,,1/1/2026,12/31/2026,,,Non-International armed conflict (NIAC),Non-International armed conflict (NIAC),,UNHCR Myanmar,,"Sagaing, Myanmar","24.47151, 95.465286",State/Region/Province (ADM1),Destination,Displacement without preventive evacuations reported,2026-06-12T04:38:06.392547Z,"Myanmar: 8,200 displacements, 11 May - 18 May. According to UNHCR Myanmar, at least 8,200 people were reported displaced in Sagaing, Myanmar after non-international armed conflict between May 11 and May 18, 2026. UNHCR Myanmar - 18 May 2026",,Non-International armed conflict (NIAC)
251910,Myanmar,MMR,19.881189,96.33918,"[19.881189, 96.33918]",Recommended figure,Disaster,total,30,5/8/2026,5/8/2026,5/8/2026,2026,42849,Myanmar: Storm - Naypyidaw Union Territory (Zeyathiri Township) - 08/05/2026,AHA-ST-2026-000568-MMR,Government Assigned Identifier,5/8/2026,5/8/2026,Weather related,Meteorological,Storm,Storm,,Department of Disaster Management (DDM),,"Zeyarthiri Township, Ottara District, Naypyitaw, Myanmar","19.881189, 96.33918",County/City/town/Village/Woreda (ADM3),Origin,,2026-06-25T11:02:17.790035Z,"Myanmar: 30 displacements (destroyed housing), 08 May - 08 May. According to Department of Disaster Management (DDM), at least seven households were reported displaced as homes were destroyed in Zeyarthiri Township, Naypyitaw, Myanmar after a storm on May 8, 2026. Department of Disaster Management (DDM) - 14 May 2026",,Storm
251086,Myanmar,MMR,18.159109,96.65007,"[18.159109, 96.65007]",Recommended figure,Conflict,total,1000,5/11/2026,5/4/2026,5/11/2026,2026,37914,Myanmar: Non-International armed conflict (NIAC) - Bago Region (East & West) - 2026,,,1/1/2026,12/31/2026,,,Non-International armed conflict (NIAC),Non-International armed conflict (NIAC),,UNHCR Myanmar,,"East Bago Region, Bago Region, Myanmar","18.159109, 96.65007",District/Zone/Department (ADM2),Destination,Displacement without preventive evacuations reported,2026-06-11T11:57:13.510528Z,"Myanmar: 1,000 displacements, 04 May - 11 May. According to UNHCR Myanmar, a total of 1,000 people were reported displaced in East Bago Region, Bago Region, Myanmar after non-international armed conflict between May 4 and May 11, 2026. UNHCR Myanmar - 11 May 2026",,Non-International armed conflict (NIAC)
251087,Myanmar,MMR,24.47151,95.465286,"[24.47151, 95.465286]",Recommended figure,Conflict,total,6400,5/11/2026,5/4/2026,5/11/2026,2026,37909,Myanmar: Non-International armed conflict (NIAC) - Sagaing Region - 2026,,,1/1/2026,12/31/2026,,,Non-International armed conflict (NIAC),Non-International armed conflict (NIAC),,UNHCR Myanmar,,"Sagaing, Myanmar","24.47151, 95.465286",State/Region/Province (ADM1),Destination,Displacement without preventive evacuations reported,2026-06-11T11:57:13.580218Z,"Myanmar: 6,400 displacements, 04 May - 11 May. According to UNHCR Myanmar, at least 6,400 people were reported displaced in Sagaing, Myanmar after non-international armed conflict between May 4 and May 11, 2026. UNHCR Myanmar - 11 May 2026",,Non-International armed conflict (NIAC)
251908,Myanmar,MMR,19.89119,96.19445,"[19.89119, 96.19445]",Recommended figure,Disaster,total,8,5/3/2026,5/3/2026,5/3/2026,2026,42848,Myanmar: Storm - Naypyidaw Union Territory (Pobbathiri Township) - 03/05/2026,AHA-ST-2026-000569-MMR,Government Assigned Identifier,5/3/2026,5/3/2026,Weather related,Meteorological,Storm,Storm,,Department of Disaster Management (DDM),,"Pobbathiri Township, Ottara District, Naypyitaw, Myanmar","19.89119, 96.19445",County/City/town/Village/Woreda (ADM3),Origin,,2026-06-25T10:55:12.259132Z,"Myanmar: 8 displacements (destroyed housing), 03 May - 03 May. According to Department of Disaster Management (DDM), a total of two households were reported displaced as homes were destroyed in Pobbathiri Township, Naypyitaw, Myanmar after a storm on May 3, 2026. Department of Disaster Management (DDM) - 11 May 2026",,Storm
251067,Myanmar,MMR,17.18631,97.749931,"[17.18631, 97.749931]",Recommended figure,Conflict,total,1500,5/4/2026,4/27/2026,5/4/2026,2026,37915,Myanmar: Non-International armed conflict (NIAC) - Kayin State - 2026,,,1/1/2026,12/31/2026,,,Non-International armed conflict (NIAC),Non-International armed conflict (NIAC),,UNHCR Myanmar,,"Kayin State, Myanmar","17.18631, 97.749931",State/Region/Province (ADM1),Destination,Displacement without preventive evacuations reported,2026-06-11T11:44:27.611942Z,"Myanmar: 1,500 displacements, 27 April - 04 May. According to UNHCR Myanmar, a total of 1,500 people were reported displaced in Kayin State, Myanmar after non-international armed conflict between April 27 and May 4, 2026. UNHCR Myanmar - 04 May 2026",,Non-International armed conflict (NIAC)
251068,Myanmar,MMR,24.47151,95.465286,"[24.47151, 95.465286]",Recommended figure,Conflict,total,4000,5/4/2026,4/27/2026,5/4/2026,2026,37909,Myanmar: Non-International armed conflict (NIAC) - Sagaing Region - 2026,,,1/1/2026,12/31/2026,,,Non-International armed conflict (NIAC),Non-International armed conflict (NIAC),,UNHCR Myanmar,,"Sagaing, Myanmar","24.47151, 95.465286",State/Region/Province (ADM1),Destination,Displacement without preventive evacuations reported,2026-06-11T11:44:27.667696Z,"Myanmar: 4,000 displacements, 27 April - 04 May. According to UNHCR Myanmar, a total of 4,000 people were reported displaced in Sagaing, Myanmar after non-international armed conflict between April 27 and May 4, 2026. UNHCR Myanmar - 04 May 2026",,Non-International armed conflict (NIAC)
251899,Myanmar,MMR,19.91049,96.026352,"[19.91049, 96.026352]",Recommended figure,Disaster,total,17,4/25/2026,4/25/2026,4/25/2026,2026,42845,Myanmar: Storm - Naypyidaw Union Territory (Ottarathiri Township) - 25/04/2026,,,4/25/2026,4/25/2026,Weather related,Meteorological,Storm,Storm,,Department of Disaster Management (DDM),,"Ottarathiri Township, Ottara District, Naypyitaw, Myanmar","19.91049, 96.026352",County/City/town/Village/Woreda (ADM3),Origin,,2026-06-25T10:28:07.955707Z,"Myanmar: 17 displacements (destroyed housing), 25 April - 25 April. According to Department of Disaster Management (DDM), at least four households were reported displaced as homes were destroyed in Ottarathiri Township, Ottara District, Naypyitaw, Myanmar after a storm on April 25, 2026. Department of Disaster Management (DDM) - 27 April 2026",,Storm
251047,Myanmar,MMR,12.27192,98.489594,"[12.27192, 98.489594]",Recommended figure,Conflict,total,5100,4/27/2026,4/20/2026,4/27/2026,2026,37912,Myanmar: Non-International armed conflict (NIAC) - Tanintharyi Region - 2026,,,1/1/2026,12/31/2026,,,Non-International armed conflict (NIAC),Non-International armed conflict (NIAC),,UNHCR Myanmar,,"Tanintharyi Region, Myanmar","12.27192, 98.489594",State/Region/Province (ADM1),Destination,Displacement without preventive evacuations reported,2026-06-11T11:28:03.022245Z,"Myanmar: 5,100 displacements, 20 April - 27 April. According to UNHCR Myanmar, a total of 5,100 people were reported displaced in Tanintharyi Region, Myanmar after non-international armed conflict between April 20 and April 27, 2026. UNHCR Myanmar - 27 April 2026",,Non-International armed conflict (NIAC)
251048,Myanmar,MMR,26.020769,97.491928,"[26.020769, 97.491928]",Recommended figure,Conflict,total,11400,4/27/2026,4/20/2026,4/27/2026,2026,37908,Myanmar: Non-International armed conflict (NIAC) - Kachin State - 2026,,,1/1/2026,12/31/2026,,,Non-International armed conflict (NIAC),Non-International armed conflict (NIAC),,UNHCR Myanmar,,"Kachin State, Myanmar","26.020769, 97.491928",State/Region/Province (ADM1),Destination,Displacement without preventive evacuations reported,2026-06-11T11:28:03.086138Z,"Myanmar: 11,400 displacements, 20 April - 27 April. According to UNHCR Myanmar, a total of 11,400 people were reported displaced in Kachin State, Myanmar after non-international armed conflict between April 20 and April 27, 2026. UNHCR Myanmar - 27 April 2026",,Non-International armed conflict (NIAC)
251049,Myanmar,MMR,17.18631,97.749931,"[17.18631, 97.749931]",Recommended figure,Conflict,total,100,4/27/2026,4/20/2026,4/27/2026,2026,37915,Myanmar: Non-International armed conflict (NIAC) - Kayin State - 2026,,,1/1/2026,12/31/2026,,,Non-International armed conflict (NIAC),Non-International armed conflict (NIAC),,UNHCR Myanmar,,"Kayin State, Myanmar","17.18631, 97.749931",State/Region/Province (ADM1),Destination,Displacement without preventive evacuations reported,2026-06-11T11:28:03.149103Z,"Myanmar: 100 displacements, 20 April - 27 April. According to UNHCR Myanmar, a total of 100 people were reported displaced in Kayin State, Myanmar after non-international armed conflict between April 20 and April 27, 2026. UNHCR Myanmar - 27 April 2026",,Non-International armed conflict (NIAC)
251906,Myanmar,MMR,19.89119,96.19445,"[19.89119, 96.19445]",Recommended figure,Disaster,total,8,4/8/2026,4/8/2026,4/8/2026,2026,42847,Myanmar: Storm - Naypyidaw Union Territory (Pobbathiri Township) - 08/04/2026,,,4/8/2026,4/8/2026,Weather related,Meteorological,Storm,Storm,,Department of Disaster Management (DDM),,"Pobbathiri Township, Ottara District, Naypyitaw, Myanmar","19.89119, 96.19445",County/City/town/Village/Woreda (ADM3),Origin,,2026-06-25T10:49:16.682108Z,"Myanmar: 8 displacements (destroyed housing), 08 April - 08 April. According to Department of Disaster Management (DDM), a total of two households were reported displaced as homes were destroyed in Pobbathiri Township, Zeyathiri District, Naypyitaw, Myanmar after a storm on April 8, 2026. Department of Disaster Management (DDM) - 10 April 2026",,Storm
251028,Myanmar,MMR,26.020769,97.491928,"[26.020769, 97.491928]",Recommended figure,Conflict,total,5700,4/20/2026,4/6/2026,4/20/2026,2026,37908,Myanmar: Non-International armed conflict (NIAC) - Kachin State - 2026,,,1/1/2026,12/31/2026,,,Non-International armed conflict (NIAC),Non-International armed conflict (NIAC),,UNHCR Myanmar,,"Kachin State, Myanmar","26.020769, 97.491928",State/Region/Province (ADM1),Destination,Displacement without preventive evacuations reported,2026-06-11T11:04:10.213380Z,"Myanmar: 5,700 displacements, 06 April - 20 April. According to UNHCR Myanmar, a total of 5,700 people were reported displaced in Kachin State, Myanmar after non-international armed conflict between April 6 and April 20, 2026. UNHCR Myanmar - 20 April 2026",,Non-International armed conflict (NIAC)
251029,Myanmar,MMR,24.47151,95.465286,"[24.47151, 95.465286]",Recommended figure,Conflict,total,13600,4/20/2026,4/6/2026,4/20/2026,2026,37909,Myanmar: Non-International armed conflict (NIAC) - Sagaing Region - 2026,,,1/1/2026,12/31/2026,,,Non-International armed conflict (NIAC),Non-International armed conflict (NIAC),,UNHCR Myanmar,,"Sagaing, Myanmar","24.47151, 95.465286",State/Region/Province (ADM1),Destination,Displacement without preventive evacuations reported,2026-06-11T11:04:10.324010Z,"Myanmar: 13,600 displacements, 06 April - 20 April. According to UNHCR Myanmar, a total of 13,600 people were reported displaced in Sagaing, Myanmar after non-international armed conflict between April 6 and April 20, 2026. UNHCR Myanmar - 20 April 2026",,Non-International armed conflict (NIAC)
251008,Myanmar,MMR,17.18631,97.749931,"[17.18631, 97.749931]",Recommended figure,Conflict,total,100,4/6/2026,3/30/2026,4/6/2026,2026,37915,Myanmar: Non-International armed conflict (NIAC) - Kayin State - 2026,,,1/1/2026,12/31/2026,,,Non-International armed conflict (NIAC),Non-International armed conflict (NIAC),,UNHCR Myanmar,,"Kayin State, Myanmar","17.18631, 97.749931",State/Region/Province (ADM1),Destination,Displacement without preventive evacuations reported,2026-06-11T10:45:56.669642Z,"Myanmar: 100 displacements, 30 March - 06 April. According to UNHCR Myanmar, a total of 100 people were reported displaced in Kayin State, Myanmar after non-international armed conflict between March 30 and April 6, 2026. UNHCR Myanmar - 06 April 2026",,Non-International armed conflict (NIAC)
251009,Myanmar,MMR,18.159109,96.65007,"[18.159109, 96.65007]",Recommended figure,Conflict,total,3300,4/6/2026,3/30/2026,4/6/2026,2026,37914,Myanmar: Non-International armed conflict (NIAC) - Bago Region (East & West) - 2026,,,1/1/2026,12/31/2026,,,Non-International armed conflict (NIAC),Non-International armed conflict (NIAC),,UNHCR Myanmar,,"East Bago Region, Bago Region, Myanmar","18.159109, 96.65007",District/Zone/Department (ADM2),Destination,Displacement without preventive evacuations reported,2026-06-11T10:45:56.730720Z,"Myanmar: 3,300 displacements, 30 March - 06 April. According to UNHCR Myanmar, at least 3,300 people were reported displaced in East Bago Region, Bago Region, Myanmar after non-international armed conflict between March 30 and April 6, 2026. UNHCR Myanmar - 06 April 2026",,Non-International armed conflict (NIAC)
251010,Myanmar,MMR,20.98724,95.765671,"[20.98724, 95.765671]",Recommended figure,Conflict,total,1500,4/6/2026,3/30/2026,4/6/2026,2026,37918,Myanmar: Non-International armed conflict (NIAC) - Mandalay Region - 2026,,,1/1/2026,12/31/2026,,,Non-International armed conflict (NIAC),Non-International armed conflict (NIAC),,UNHCR Myanmar,,"Mandalay Region, Myanmar","20.98724, 95.765671",State/Region/Province (ADM1),Destination,Displacement without preventive evacuations reported,2026-06-11T10:45:56.788014Z,"Myanmar: 1,500 displacements, 30 March - 06 April. According to UNHCR Myanmar, at least 1,500 people were reported displaced in Mandalay Region, Myanmar after non-international armed conflict between March 30 and April 6, 2026. UNHCR Myanmar - 06 April 2026",,Non-International armed conflict (NIAC)
250987,Myanmar,MMR,20.98724,95.765671,"[20.98724, 95.765671]",Recommended figure,Conflict,total,900,3/30/2026,3/23/2026,3/30/2026,2026,37918,Myanmar: Non-International armed conflict (NIAC) - Mandalay Region - 2026,,,1/1/2026,12/31/2026,,,Non-International armed conflict (NIAC),Non-International armed conflict (NIAC),,UNHCR Myanmar,,"Mandalay Region, Myanmar","20.98724, 95.765671",State/Region/Province (ADM1),Destination,Displacement without preventive evacuations reported,2026-06-11T10:28:14.873274Z,"Myanmar: 900 displacements, 23 March - 30 March. According to UNHCR Myanmar, a total of 900 people were reported displaced in Mandalay Region, Myanmar after non-international armed conflict between March 23 and March 30, 2026. UNHCR Myanmar - 30 March 2026",,Non-International armed conflict (NIAC)
250988,Myanmar,MMR,22.01824,93.503799,"[22.01824, 93.503799]",Recommended figure,Conflict,total,300,3/30/2026,3/23/2026,3/30/2026,2026,37916,Myanmar: Non-International armed conflict (NIAC) - Chin State - 2026,,,1/1/2026,12/31/2026,,,Non-International armed conflict (NIAC),Non-International armed conflict (NIAC),,UNHCR Myanmar,,"Chin State, Myanmar","22.01824, 93.503799",State/Region/Province (ADM1),Destination,Displacement without preventive evacuations reported,2026-06-11T10:28:14.931697Z,"Myanmar: 300 displacements, 23 March - 30 March. According to UNHCR Myanmar, at least 300 people were reported displaced in Chin State, Myanmar after non-international armed conflict between March 23 and March 30, 2026. UNHCR Myanmar - 30 March 2026",,Non-International armed conflict (NIAC)
250989,Myanmar,MMR,19.28125,97.329178,"[19.28125, 97.329178]",Recommended figure,Conflict,total,500,3/30/2026,3/23/2026,3/30/2026,2026,37907,Myanmar: Non-International armed conflict (NIAC) - Kayah State - 2026,,,1/1/2026,12/31/2026,,,Non-International armed conflict (NIAC),Non-International armed conflict (NIAC),,UNHCR Myanmar,,"Kayah State, Myanmar","19.28125, 97.329178",State/Region/Province (ADM1),Destination,Displacement without preventive evacuations reported,2026-06-11T10:28:15.006441Z,"Myanmar: 500 displacements, 23 March - 30 March. According to UNHCR Myanmar, a total of 500 people were reported displaced in Kayah State, Myanmar after non-international armed conflict between March 23 and March 30, 2026. UNHCR Myanmar - 30 March 2026",,Non-International armed conflict (NIAC)
250990,Myanmar,MMR,19.40822,94.100594,"[19.40822, 94.100594]",Recommended figure,Conflict,total,1100,3/30/2026,3/23/2026,3/30/2026,2026,37911,Myanmar: Non-International armed conflict (NIAC) - Rakhine State (Central & North) - 2026,,,1/1/2026,12/31/2026,,,Non-International armed conflict (NIAC),Non-International armed conflict (NIAC),,UNHCR Myanmar,,"Rakhine (Central), Myanmar","19.40822, 94.100594",State/Region/Province (ADM1),Destination,Displacement without preventive evacuations reported,2026-06-11T10:28:15.142661Z,"Myanmar: 1,100 displacements, 23 March - 30 March. According to UNHCR Myanmar, a total of 1,100 people were reported displaced in Rakhine (Central), Myanmar after non-international armed conflict between March 23 and March 30, 2026. UNHCR Myanmar - 30 March 2026",,Non-International armed conflict (NIAC)
250964,Myanmar,MMR,20.98724,95.765671,"[20.98724, 95.765671]",Recommended figure,Conflict,total,2800,3/23/2026,3/16/2026,3/23/2026,2026,37918,Myanmar: Non-International armed conflict (NIAC) - Mandalay Region - 2026,,,1/1/2026,12/31/2026,,,Non-International armed conflict (NIAC),Non-International armed conflict (NIAC),,UNHCR Myanmar,,"Mandalay Region, Myanmar","20.98724, 95.765671",State/Region/Province (ADM1),Destination,Displacement without preventive evacuations reported,2026-06-11T09:09:59.947114Z,"Myanmar: 2,800 displacements, 16 March - 23 March. According to UNHCR Myanmar, at least 2,800 people were reported displaced in Mandalay Region, Myanmar after non-international armed conflict between March 16 and March 23, 2026. UNHCR Myanmar - 23 March 2026",,Non-International armed conflict (NIAC)
250965,Myanmar,MMR,18.159109,96.65007,"[18.159109, 96.65007]",Recommended figure,Conflict,total,1500,3/23/2026,3/16/2026,3/23/2026,2026,37914,Myanmar: Non-International armed conflict (NIAC) - Bago Region (East & West) - 2026,,,1/1/2026,12/31/2026,,,Non-International armed conflict (NIAC),Non-International armed conflict (NIAC),,UNHCR Myanmar,,"East Bago Region, Bago Region, Myanmar","18.159109, 96.65007",District/Zone/Department (ADM2),Destination,Displacement without preventive evacuations reported,2026-06-11T09:10:00.026975Z,"Myanmar: 1,500 displacements, 16 March - 23 March. According to UNHCR Myanmar, a total of 1,500 people were reported displaced in East Bago Region, Bago Region, Myanmar after non-international armed conflict between March 16 and March 23, 2026. UNHCR Myanmar - 23 March 2026",,Non-International armed conflict (NIAC)
250966,Myanmar,MMR,17.18631,97.749931,"[17.18631, 97.749931]",Recommended figure,Conflict,total,4400,3/23/2026,3/16/2026,3/23/2026,2026,37915,Myanmar: Non-International armed conflict (NIAC) - Kayin State - 2026,,,1/1/2026,12/31/2026,,,Non-International armed conflict (NIAC),Non-International armed conflict (NIAC),,UNHCR Myanmar,,"Kayin State, Myanmar","17.18631, 97.749931",State/Region/Province (ADM1),Destination,Displacement without preventive evacuations reported,2026-06-11T09:10:00.108305Z,"Myanmar: 4,400 displacements, 16 March - 23 March. According to UNHCR Myanmar, at least 4,400 people were reported displaced in Kayin State, Myanmar after non-international armed conflict between March 16 and March 23, 2026. UNHCR Myanmar - 23 March 2026",,Non-International armed conflict (NIAC)
250967,Myanmar,MMR,19.40822,94.100594,"[19.40822, 94.100594]",Recommended figure,Conflict,total,200,3/23/2026,3/16/2026,3/23/2026,2026,37911,Myanmar: Non-International armed conflict (NIAC) - Rakhine State (Central & North) - 2026,,,1/1/2026,12/31/2026,,,Non-International armed conflict (NIAC),Non-International armed conflict (NIAC),,UNHCR Myanmar,,"Rakhine (Central), Myanmar","19.40822, 94.100594",State/Region/Province (ADM1),Destination,Displacement without preventive evacuations reported,2026-06-11T09:10:00.180851Z,"Myanmar: 200 displacements, 16 March - 23 March. According to UNHCR Myanmar, at least 200 people were reported displaced in Rakhine (Central), Myanmar after non-international armed conflict between March 16 and March 23, 2026. UNHCR Myanmar - 23 March 2026",,Non-International armed conflict (NIAC)
251904,Myanmar,MMR,16.712549,96.567352,"[16.712549, 96.567352]",Recommended figure,Disaster,total,17,3/15/2026,3/15/2026,3/15/2026,2026,42846,Myanmar: Storm - Yangon Region (Thongwa Township) - 15/03/2026,,,3/15/2026,3/15/2026,Weather related,Meteorological,Storm,Storm,,Department of Disaster Management (DDM),,"Thongwa, Yangon, Myanmar","16.712549, 96.567352",County/City/town/Village/Woreda (ADM3),Origin,,2026-06-25T10:41:57.487304Z,"Myanmar: 17 displacements (destroyed housing), 15 March - 15 March. According to Department of Disaster Management (DDM), a total of four households were reported displaced as homes were destroyed in Thongwa, Yangon, Myanmar after a storm on March 15, 2026. Department of Disaster Management (DDM) - 17 March 2026",,Storm
250945,Myanmar,MMR,22.820789,98.005898,"[22.820789, 98.005898]",Recommended figure,Conflict,total,600,3/16/2026,3/9/2026,3/16/2026,2026,37917,Myanmar: Non-International armed conflict (NIAC) - Shan State (North & South) - 2026,,,1/1/2026,12/31/2026,,,Non-International armed conflict (NIAC),Non-International armed conflict (NIAC),,UNHCR Myanmar,,"North Shan State, Shan State, Myanmar","22.820789, 98.005898",District/Zone/Department (ADM2),Destination,Displacement without preventive evacuations reported,2026-06-11T08:41:19.594216Z,"Myanmar: 600 displacements, 09 March - 16 March. According to UNHCR Myanmar, a total of 600 people were reported displaced in North Shan State, Shan State, Myanmar after non-international armed conflict between March 9 and March 16, 2026. UNHCR Myanmar - 16 March 2026",,Non-International armed conflict (NIAC)
250946,Myanmar,MMR,18.159109,96.65007,"[18.159109, 96.65007]",Recommended figure,Conflict,total,300,3/16/2026,3/9/2026,3/16/2026,2026,37914,Myanmar: Non-International armed conflict (NIAC) - Bago Region (East & West) - 2026,,,1/1/2026,12/31/2026,,,Non-International armed conflict (NIAC),Non-International armed conflict (NIAC),,UNHCR Myanmar,,"East Bago Region, Bago Region, Myanmar","18.159109, 96.65007",District/Zone/Department (ADM2),Destination,Displacement without preventive evacuations reported,2026-06-11T08:41:19.656174Z,"Myanmar: 300 displacements, 09 March - 16 March. According to UNHCR Myanmar, at least 300 people were reported displaced in East Bago Region, Bago Region, Myanmar after non-international armed conflict between March 9 and March 16, 2026. UNHCR Myanmar - 16 March 2026",,Non-International armed conflict (NIAC)
250924,Myanmar,MMR,18.159109,96.65007,"[18.159109, 96.65007]",Recommended figure,Conflict,total,6100,3/9/2026,3/2/2026,3/9/2026,2026,37914,Myanmar: Non-International armed conflict (NIAC) - Bago Region (East & West) - 2026,,,1/1/2026,12/31/2026,,,Non-International armed conflict (NIAC),Non-International armed conflict (NIAC),,UNHCR Myanmar,,"East Bago Region, Bago Region, Myanmar","18.159109, 96.65007",District/Zone/Department (ADM2),Destination,Displacement without preventive evacuations reported,2026-06-11T08:00:25.632930Z,"Myanmar: 6,100 displacements, 02 March - 09 March. According to UNHCR Myanmar, at least 6,100 people were reported displaced in East Bago Region, Bago Region, Myanmar after non-international armed conflict between March 2 and March 9, 2026. UNHCR Myanmar - 09 March 2026",,Non-International armed conflict (NIAC)
250925,Myanmar,MMR,12.27192,98.489594,"[12.27192, 98.489594]",Recommended figure,Conflict,total,2600,3/9/2026,3/2/2026,3/9/2026,2026,37912,Myanmar: Non-International armed conflict (NIAC) - Tanintharyi Region - 2026,,,1/1/2026,12/31/2026,,,Non-International armed conflict (NIAC),Non-International armed conflict (NIAC),,UNHCR Myanmar,,"Tanintharyi Region, Myanmar","12.27192, 98.489594",State/Region/Province (ADM1),Destination,Displacement without preventive evacuations reported,2026-06-11T08:00:25.713194Z,"Myanmar: 2,600 displacements, 02 March - 09 March. According to UNHCR Myanmar, at least 2,600 people were reported displaced in Tanintharyi Region, Myanmar after non-international armed conflict between March 2 and March 9, 2026. UNHCR Myanmar - 09 March 2026",,Non-International armed conflict (NIAC)
250926,Myanmar,MMR,19.40822,94.100594,"[19.40822, 94.100594]",Recommended figure,Conflict,total,4000,3/9/2026,3/2/2026,3/9/2026,2026,37911,Myanmar: Non-International armed conflict (NIAC) - Rakhine State (Central & North) - 2026,,,1/1/2026,12/31/2026,,,Non-International armed conflict (NIAC),Non-International armed conflict (NIAC),,UNHCR Myanmar,,"Rakhine (Central), Myanmar","19.40822, 94.100594",State/Region/Province (ADM1),Destination,Displacement without preventive evacuations reported,2026-06-11T08:00:25.825802Z,"Myanmar: 4,000 displacements, 02 March - 09 March. According to UNHCR Myanmar, at least 4,000 people were reported displaced in Rakhine (Central), Myanmar after non-international armed conflict between March 2 and March 9, 2026. UNHCR Myanmar - 09 March 2026",,Non-International armed conflict (NIAC)
250927,Myanmar,MMR,24.47151,95.465286,"[24.47151, 95.465286]",Recommended figure,Conflict,total,7600,3/9/2026,3/2/2026,3/9/2026,2026,37909,Myanmar: Non-International armed conflict (NIAC) - Sagaing Region - 2026,,,1/1/2026,12/31/2026,,,Non-International armed conflict (NIAC),Non-International armed conflict (NIAC),,UNHCR Myanmar,,"Sagaing, Myanmar","24.47151, 95.465286",State/Region/Province (ADM1),Destination,Displacement without preventive evacuations reported,2026-06-11T08:00:25.925916Z,"Myanmar: 7,600 displacements, 02 March - 09 March. According to UNHCR Myanmar, a total of 7,600 people were reported displaced in Sagaing, Myanmar after non-international armed conflict between March 2 and March 9, 2026. UNHCR Myanmar - 09 March 2026",,Non-International armed conflict (NIAC)
250903,Myanmar,MMR,22.820789,98.005898,"[22.820789, 98.005898]",Recommended figure,Conflict,total,200,3/2/2026,2/23/2026,3/2/2026,2026,37917,Myanmar: Non-International armed conflict (NIAC) - Shan State (North & South) - 2026,,,1/1/2026,12/31/2026,,,Non-International armed conflict (NIAC),Non-International armed conflict (NIAC),,UNHCR Myanmar,,"North Shan State, Shan State, Myanmar","22.820789, 98.005898",District/Zone/Department (ADM2),Destination,Displacement without preventive evacuations reported,2026-06-11T07:41:11.077595Z,"Myanmar: 200 displacements, 23 February - 02 March. According to UNHCR Myanmar, a total of 200 people were reported displaced in North Shan State, Shan State, Myanmar after non-international armed conflict between February 23 and March 2, 2026. UNHCR Myanmar - 02 March 2026",,Non-International armed conflict (NIAC)
250904,Myanmar,MMR,17.18631,97.749931,"[17.18631, 97.749931]",Recommended figure,Conflict,total,400,3/2/2026,2/23/2026,3/2/2026,2026,37915,Myanmar: Non-International armed conflict (NIAC) - Kayin State - 2026,,,1/1/2026,12/31/2026,,,Non-International armed conflict (NIAC),Non-International armed conflict (NIAC),,UNHCR Myanmar,,"Kayin State, Myanmar","17.18631, 97.749931",State/Region/Province (ADM1),Destination,Displacement without preventive evacuations reported,2026-06-11T07:41:11.133321Z,"Myanmar: 400 displacements, 23 February - 02 March. According to UNHCR Myanmar, a total of 400 people were reported displaced in Kayin State, Myanmar after non-international armed conflict between February 23 and March 2, 2026. UNHCR Myanmar - 02 March 2026",,Non-International armed conflict (NIAC)
250905,Myanmar,MMR,19.40822,94.100594,"[19.40822, 94.100594]",Recommended figure,Conflict,total,700,3/2/2026,2/23/2026,3/2/2026,2026,37911,Myanmar: Non-International armed conflict (NIAC) - Rakhine State (Central & North) - 2026,,,1/1/2026,12/31/2026,,,Non-International armed conflict (NIAC),Non-International armed conflict (NIAC),,UNHCR Myanmar,,"Rakhine (Central), Myanmar","19.40822, 94.100594",State/Region/Province (ADM1),Destination,Displacement without preventive evacuations reported,2026-06-11T07:41:11.191919Z,"Myanmar: 700 displacements, 23 February - 02 March. According to UNHCR Myanmar, at least 700 people were reported displaced in Rakhine (Central), Myanmar after non-international armed conflict between February 23 and March 2, 2026. UNHCR Myanmar - 02 March 2026",,Non-International armed conflict (NIAC)
250906,Myanmar,MMR,24.47151,95.465286,"[24.47151, 95.465286]",Recommended figure,Conflict,total,400,3/2/2026,2/23/2026,3/2/2026,2026,37909,Myanmar: Non-International armed conflict (NIAC) - Sagaing Region - 2026,,,1/1/2026,12/31/2026,,,Non-International armed conflict (NIAC),Non-International armed conflict (NIAC),,UNHCR Myanmar,,"Sagaing, Myanmar","24.47151, 95.465286",State/Region/Province (ADM1),Destination,Displacement without preventive evacuations reported,2026-06-11T07:41:11.248614Z,"Myanmar: 400 displacements, 23 February - 02 March. According to UNHCR Myanmar, at least 400 people were reported displaced in Sagaing, Myanmar after non-international armed conflict between February 23 and March 2, 2026. UNHCR Myanmar - 02 March 2026",,Non-International armed conflict (NIAC)
250883,Myanmar,MMR,18.32782,95.64238,"[18.32782, 95.64238]",Recommended figure,Conflict,total,900,2/23/2026,2/16/2026,2/23/2026,2026,37914,Myanmar: Non-International armed conflict (NIAC) - Bago Region (East & West) - 2026,,,1/1/2026,12/31/2026,,,Non-International armed conflict (NIAC),Non-International armed conflict (NIAC),,UNHCR Myanmar,,"West Bago Region, Bago Region, Myanmar","18.32782, 95.64238",District/Zone/Department (ADM2),Destination,Displacement without preventive evacuations reported,2026-06-11T07:20:35.215406Z,"Myanmar: 900 displacements, 16 February - 23 February. According to UNHCR Myanmar, at least 900 people were reported displaced in West Bago Region, Bago Region, Myanmar after non-international armed conflict between February 16 and February 23, 2026. UNHCR Myanmar - 23 February 2026",,Non-International armed conflict (NIAC)
250884,Myanmar,MMR,12.27192,98.489594,"[12.27192, 98.489594]",Recommended figure,Conflict,total,300,2/23/2026,2/16/2026,2/23/2026,2026,37912,Myanmar: Non-International armed conflict (NIAC) - Tanintharyi Region - 2026,,,1/1/2026,12/31/2026,,,Non-International armed conflict (NIAC),Non-International armed conflict (NIAC),,UNHCR Myanmar,,"Tanintharyi Region, Myanmar","12.27192, 98.489594",State/Region/Province (ADM1),Destination,Displacement without preventive evacuations reported,2026-06-11T07:20:35.274142Z,"Myanmar: 300 displacements, 16 February - 23 February. According to UNHCR Myanmar, a total of 300 people were reported displaced in Tanintharyi Region, Myanmar after non-international armed conflict between February 16 and February 23, 2026. UNHCR Myanmar - 23 February 2026",,Non-International armed conflict (NIAC)
250885,Myanmar,MMR,26.020769,97.491928,"[26.020769, 97.491928]",Recommended figure,Conflict,total,2700,2/23/2026,2/16/2026,2/23/2026,2026,37908,Myanmar: Non-International armed conflict (NIAC) - Kachin State - 2026,,,1/1/2026,12/31/2026,,,Non-International armed conflict (NIAC),Non-International armed conflict (NIAC),,UNHCR Myanmar,,"Kachin State, Myanmar","26.020769, 97.491928",State/Region/Province (ADM1),Destination,Displacement without preventive evacuations reported,2026-06-11T07:20:35.333426Z,"Myanmar: 2,700 displacements, 16 February - 23 February. According to UNHCR Myanmar, a total of 2,700 people were reported displaced in Kachin State, Myanmar after non-international armed conflict between February 16 and February 23, 2026. UNHCR Myanmar - 23 February 2026",,Non-International armed conflict (NIAC)
250864,Myanmar,MMR,20.78562,97.532921,"[20.78562, 97.532921]",Recommended figure,Conflict,total,5500,2/16/2026,2/9/2026,2/16/2026,2026,37917,Myanmar: Non-International armed conflict (NIAC) - Shan State (North & South) - 2026,,,1/1/2026,12/31/2026,,,Non-International armed conflict (NIAC),Non-International armed conflict (NIAC),,UNHCR Myanmar,,"South Shan State, Shan State, Myanmar","20.78562, 97.532921",District/Zone/Department (ADM2),Destination,Displacement without preventive evacuations reported,2026-06-11T06:57:10.564189Z,"Myanmar: 5,500 displacements, 09 February - 16 February. According to UNHCR Myanmar, a total of 5,500 people were reported displaced in South Shan State, Shan State, Myanmar after non-international armed conflict between February 9 and February 16, 2026. UNHCR Myanmar - 16 February 2026",,Non-International armed conflict (NIAC)
250865,Myanmar,MMR,18.159109,96.65007,"[18.159109, 96.65007]",Recommended figure,Conflict,total,6100,2/16/2026,2/9/2026,2/16/2026,2026,37914,Myanmar: Non-International armed conflict (NIAC) - Bago Region (East & West) - 2026,,,1/1/2026,12/31/2026,,,Non-International armed conflict (NIAC),Non-International armed conflict (NIAC),,UNHCR Myanmar,,"East Bago Region, Bago Region, Myanmar","18.159109, 96.65007",District/Zone/Department (ADM2),Destination,Displacement without preventive evacuations reported,2026-06-11T06:57:10.634743Z,"Myanmar: 6,100 displacements, 09 February - 16 February. According to UNHCR Myanmar, at least 6,100 people were reported displaced in East Bago Region, Bago Region, Myanmar after non-international armed conflict between February 9 and February 16, 2026. UNHCR Myanmar - 16 February 2026",,Non-International armed conflict (NIAC)
250843,Myanmar,MMR,18.159109,96.65007,"[18.159109, 96.65007]",Recommended figure,Conflict,total,1900,2/9/2026,2/2/2026,2/9/2026,2026,37914,Myanmar: Non-International armed conflict (NIAC) - Bago Region (East & West) - 2026,,,1/1/2026,12/31/2026,,,Non-International armed conflict (NIAC),Non-International armed conflict (NIAC),,UNHCR Myanmar,,"East Bago Region, Bago Region, Myanmar","18.159109, 96.65007",District/Zone/Department (ADM2),Destination,Displacement without preventive evacuations reported,2026-06-11T04:07:23.829259Z,"Myanmar: 1,900 displacements, 02 February - 09 February. According to UNHCR Myanmar, at least 1,900 people were reported displaced in East Bago Region, Bago Region, Myanmar after non-international armed conflict between February 2 and February 9, 2026. UNHCR Myanmar - 09 February 2026",,Non-International armed conflict (NIAC)
250844,Myanmar,MMR,12.27192,98.489594,"[12.27192, 98.489594]",Recommended figure,Conflict,total,9700,2/9/2026,2/2/2026,2/9/2026,2026,37912,Myanmar: Non-International armed conflict (NIAC) - Tanintharyi Region - 2026,,,1/1/2026,12/31/2026,,,Non-International armed conflict (NIAC),Non-International armed conflict (NIAC),,UNHCR Myanmar,,"Tanintharyi Region, Myanmar","12.27192, 98.489594",State/Region/Province (ADM1),Destination,Displacement without preventive evacuations reported,2026-06-11T04:07:23.899141Z,"Myanmar: 9,700 displacements, 02 February - 09 February. According to UNHCR Myanmar, at least 9,700 people were reported displaced in Tanintharyi Region, Myanmar after non-international armed conflict between February 2 and February 9, 2026. UNHCR Myanmar - 09 February 2026",,Non-International armed conflict (NIAC)
250820,Myanmar,MMR,20.98724,95.765671,"[20.98724, 95.765671]",Recommended figure,Conflict,total,5300,2/2/2026,1/26/2026,2/2/2026,2026,37918,Myanmar: Non-International armed conflict (NIAC) - Mandalay Region - 2026,,,1/1/2026,12/31/2026,,,Non-International armed conflict (NIAC),Non-International armed conflict (NIAC),,UNHCR Myanmar,,"Mandalay Region, Myanmar","20.98724, 95.765671",State/Region/Province (ADM1),Destination,Displacement without preventive evacuations reported,2026-06-10T09:58:36.981935Z,"Myanmar: 5,300 displacements, 26 January - 02 February. According to UNHCR Myanmar, at least 5,300 people were reported displaced in Mandalay Region, Myanmar, between January 26 and February 2, 2026, due to non-international armed conflict. UNHCR Myanmar - 02 February 2026",,Non-International armed conflict (NIAC)
250821,Myanmar,MMR,12.27192,98.489594,"[12.27192, 98.489594]",Recommended figure,Conflict,total,1500,2/2/2026,1/26/2026,2/2/2026,2026,37918,Myanmar: Non-International armed conflict (NIAC) - Mandalay Region - 2026,,,1/1/2026,12/31/2026,,,Non-International armed conflict (NIAC),Non-International armed conflict (NIAC),,UNHCR Myanmar,,"Tanintharyi Region, Myanmar","12.27192, 98.489594",State/Region/Province (ADM1),Destination,Displacement without preventive evacuations reported,2026-06-10T09:58:37.057750Z,"Myanmar: 1,500 displacements, 26 January - 02 February. According to UNHCR Myanmar, a total of 1,500 people were reported displaced in Tanintharyi Region, Myanmar between January 26 and February 2, 2026, after non-international armed conflict. UNHCR Myanmar - 02 February 2026",,Non-International armed conflict (NIAC)
250822,Myanmar,MMR,26.020769,97.491928,"[26.020769, 97.491928]",Recommended figure,Conflict,total,2900,2/2/2026,1/26/2026,2/2/2026,2026,37908,Myanmar: Non-International armed conflict (NIAC) - Kachin State - 2026,,,1/1/2026,12/31/2026,,,Non-International armed conflict (NIAC),Non-International armed conflict (NIAC),,UNHCR Myanmar,,"Kachin State, Myanmar","26.020769, 97.491928",State/Region/Province (ADM1),Destination,Displacement without preventive evacuations reported,2026-06-10T09:58:37.145460Z,"Myanmar: 2,900 displacements, 26 January - 02 February. According to UNHCR Myanmar, at least 2,900 people were reported displaced in Kachin State, Myanmar after non-international armed conflict between January 26 and February 2, 2026. UNHCR Myanmar - 02 February 2026",,Non-International armed conflict (NIAC)
250823,Myanmar,MMR,17.18631,97.749931,"[17.18631, 97.749931]",Recommended figure,Conflict,total,200,2/2/2026,1/26/2026,2/2/2026,2026,37915,Myanmar: Non-International armed conflict (NIAC) - Kayin State - 2026,,,1/1/2026,12/31/2026,,,Non-International armed conflict (NIAC),Non-International armed conflict (NIAC),,UNHCR Myanmar,,"Kayin State, Myanmar","17.18631, 97.749931",State/Region/Province (ADM1),Destination,Displacement without preventive evacuations reported,2026-06-10T09:58:37.237053Z,"Myanmar: 200 displacements, 26 January - 02 February. According to UNHCR Myanmar, at least 200 people were reported displaced in Kayin State, Myanmar after non-international armed conflict between January 26 and February 2, 2026. UNHCR Myanmar - 02 February 2026",,Non-International armed conflict (NIAC)
250824,Myanmar,MMR,19.40822,94.100594,"[19.40822, 94.100594]",Recommended figure,Conflict,total,3700,2/2/2026,1/26/2026,2/2/2026,2026,37911,Myanmar: Non-International armed conflict (NIAC) - Rakhine State (Central & North) - 2026,,,1/1/2026,12/31/2026,,,Non-International armed conflict (NIAC),Non-International armed conflict (NIAC),,UNHCR Myanmar,,"Rakhine (Central), Myanmar","19.40822, 94.100594",State/Region/Province (ADM1),Destination,Displacement without preventive evacuations reported,2026-06-10T09:58:37.413009Z,"Myanmar: 3,700 displacements, 26 January - 02 February. According to UNHCR Myanmar, at least 3,700 people were reported displaced in Rakhine (Central), Myanmar after non-international armed conflict between January 26 and February 2, 2026. UNHCR Myanmar - 02 February 2026",,Non-International armed conflict (NIAC)
224615,Myanmar,MMR,12.27192,98.489594,"[12.27192, 98.489594]",Recommended figure,Conflict,total,400,1/26/2026,1/19/2026,1/26/2026,2026,37912,Myanmar: Non-International armed conflict (NIAC) - Tanintharyi Region - 2026,,,1/1/2026,12/31/2026,,,Non-International armed conflict (NIAC),Non-International armed conflict (NIAC),,UNHCR Myanmar,,"Tanintharyi Region, Myanmar","12.27192, 98.489594",State/Region/Province (ADM1),Destination,Displacement without preventive evacuations reported,2026-01-29T14:25:10.614858Z,"Myanmar: 400 displacements, 19 January - 26 January. According to UNHCR Myanmar, a total of 400 people were displaced in Tanintharyi Region, Myanmar due to non-international armed conflict (niac) on 19 January UNHCR Myanmar - 26 January 2026",,Non-International armed conflict (NIAC)
224616,Myanmar,MMR,26.020769,97.491928,"[26.020769, 97.491928]",Recommended figure,Conflict,total,200,1/26/2026,1/19/2026,1/26/2026,2026,37908,Myanmar: Non-International armed conflict (NIAC) - Kachin State - 2026,,,1/1/2026,12/31/2026,,,Non-International armed conflict (NIAC),Non-International armed conflict (NIAC),,UNHCR Myanmar,,"Kachin State, Myanmar","26.020769, 97.491928",State/Region/Province (ADM1),Destination,Displacement without preventive evacuations reported,2026-01-29T14:25:10.672223Z,"Myanmar: 200 displacements, 19 January - 26 January. According to UNHCR Myanmar, a total of 200 people were displaced in Kachin State, Myanmar due to non-international armed conflict (niac) on 19 January UNHCR Myanmar - 26 January 2026",,Non-International armed conflict (NIAC)
224617,Myanmar,MMR,20.274799,94.736221,"[20.274799, 94.736221]",Recommended figure,Conflict,total,15400,1/26/2026,1/19/2026,1/26/2026,2026,37910,Myanmar: Non-International armed conflict (NIAC) - Magway Region - 2026,,,1/1/2026,12/31/2026,,,Non-International armed conflict (NIAC),Non-International armed conflict (NIAC),,UNHCR Myanmar,,"Magway Region, Myanmar","20.274799, 94.736221",State/Region/Province (ADM1),Destination,Displacement without preventive evacuations reported,2026-01-29T14:25:10.726552Z,"Myanmar: 15,400 displacements, 19 January - 26 January. Non-international armed conflict (niac) resulted in a total of 15400 people being displaced in Magway Region, Myanmar on 19 January, according to UNHCR Myanmar. UNHCR Myanmar - 26 January 2026",,Non-International armed conflict (NIAC)
224618,Myanmar,MMR,17.18631,97.749931,"[17.18631, 97.749931]",Recommended figure,Conflict,total,800,1/26/2026,1/19/2026,1/26/2026,2026,37915,Myanmar: Non-International armed conflict (NIAC) - Kayin State - 2026,,,1/1/2026,12/31/2026,,,Non-International armed conflict (NIAC),Non-International armed conflict (NIAC),,UNHCR Myanmar,,"Kayin State, Myanmar","17.18631, 97.749931",State/Region/Province (ADM1),Destination,Displacement without preventive evacuations reported,2026-01-29T14:25:10.784106Z,"Myanmar: 800 displacements, 19 January - 26 January. A total of 800 people were displaced due to non-international armed conflict (niac) on 19 January in Kayin State, Myanmar, according to UNHCR Myanmar. UNHCR Myanmar - 26 January 2026",,Non-International armed conflict (NIAC)
224619,Myanmar,MMR,19.40822,94.100594,"[19.40822, 94.100594]",Recommended figure,Conflict,total,200,1/26/2026,1/19/2026,1/26/2026,2026,37911,Myanmar: Non-International armed conflict (NIAC) - Rakhine State (Central & North) - 2026,,,1/1/2026,12/31/2026,,,Non-International armed conflict (NIAC),Non-International armed conflict (NIAC),,UNHCR Myanmar,,"Rakhine (Central), Myanmar","19.40822, 94.100594",State/Region/Province (ADM1),Destination,Displacement without preventive evacuations reported,2026-01-29T14:25:10.835938Z,"Myanmar: 200 displacements, 19 January - 26 January. Non-international armed conflict (niac) resulted in a total of 200 people being displaced in Rakhine (Central), Myanmar on 19 January, according to UNHCR Myanmar. UNHCR Myanmar - 26 January 2026",,Non-International armed conflict (NIAC)
224487,Myanmar,MMR,18.32782,95.64238,"[18.32782, 95.64238]",Recommended figure,Conflict,total,2000,1/19/2026,1/12/2026,1/19/2026,2026,37914,Myanmar: Non-International armed conflict (NIAC) - Bago Region (East & West) - 2026,,,1/1/2026,12/31/2026,,,Non-International armed conflict (NIAC),Non-International armed conflict (NIAC),,UNHCR Myanmar,,"West Bago Region, Bago Region, Myanmar","18.32782, 95.64238",District/Zone/Department (ADM2),Destination,Displacement without preventive evacuations reported,2026-01-28T13:31:49.735003Z,"Myanmar: 2,000 displacements, 12 January - 19 January. According to UNHCR Myanmar, a total of 2000 people were displaced in West Bago Region, Bago Region, Myanmar due to non-international armed conflict (niac) on 12 January UNHCR Myanmar - 19 January 2026",,Non-International armed conflict (NIAC)
224488,Myanmar,MMR,17.08325,97.333733,"[17.08325, 97.333733]",Recommended figure,Conflict,total,1600,1/19/2026,1/12/2026,1/19/2026,2026,37913,Myanmar: Non-International armed conflict (NIAC) - Mon State - 2026,,,1/1/2026,12/31/2026,,,Non-International armed conflict (NIAC),Non-International armed conflict (NIAC),,UNHCR Myanmar,,"Mon State, Myanmar","17.08325, 97.333733",State/Region/Province (ADM1),Destination,Displacement without preventive evacuations reported,2026-01-28T13:31:49.835783Z,"Myanmar: 1,600 displacements, 12 January - 19 January. Non-international armed conflict (niac) resulted in a total of 1600 people being displaced in Mon State, Myanmar on 12 January, according to UNHCR Myanmar. UNHCR Myanmar - 19 January 2026",,Non-International armed conflict (NIAC)
224489,Myanmar,MMR,12.27192,98.489594,"[12.27192, 98.489594]",Recommended figure,Conflict,total,2600,1/19/2026,1/12/2026,1/19/2026,2026,37912,Myanmar: Non-International armed conflict (NIAC) - Tanintharyi Region - 2026,,,1/1/2026,12/31/2026,,,Non-International armed conflict (NIAC),Non-International armed conflict (NIAC),,UNHCR Myanmar,,"Tanintharyi Region, Myanmar","12.27192, 98.489594",State/Region/Province (ADM1),Destination,Displacement without preventive evacuations reported,2026-01-28T13:31:49.949878Z,"Myanmar: 2,600 displacements, 12 January - 19 January. Non-international armed conflict (niac) resulted in a total of 2600 people being displaced in Tanintharyi Region, Myanmar on 12 January, according to UNHCR Myanmar. UNHCR Myanmar - 19 January 2026",,Non-International armed conflict (NIAC)
224490,Myanmar,MMR,26.020769,97.491928,"[26.020769, 97.491928]",Recommended figure,Conflict,total,1400,1/19/2026,1/12/2026,1/19/2026,2026,37908,Myanmar: Non-International armed conflict (NIAC) - Kachin State - 2026,,,1/1/2026,12/31/2026,,,Non-International armed conflict (NIAC),Non-International armed conflict (NIAC),,UNHCR Myanmar,,"Kachin State, Myanmar","26.020769, 97.491928",State/Region/Province (ADM1),Destination,Displacement without preventive evacuations reported,2026-01-28T13:31:50.066626Z,"Myanmar: 1,400 displacements, 12 January - 19 January. A total of 1400 people were displaced due to non-international armed conflict (niac) on 12 January in Kachin State, Myanmar, according to UNHCR Myanmar. UNHCR Myanmar - 19 January 2026",,Non-International armed conflict (NIAC)
224491,Myanmar,MMR,17.18631,97.749931,"[17.18631, 97.749931]",Recommended figure,Conflict,total,100,1/19/2026,1/12/2026,1/19/2026,2026,37915,Myanmar: Non-International armed conflict (NIAC) - Kayin State - 2026,,,1/1/2026,12/31/2026,,,Non-International armed conflict (NIAC),Non-International armed conflict (NIAC),,UNHCR Myanmar,,"Kayin State, Myanmar","17.18631, 97.749931",State/Region/Province (ADM1),Destination,Displacement without preventive evacuations reported,2026-01-28T13:31:50.133504Z,"Myanmar: 100 displacements, 12 January - 19 January. A total of 100 people were displaced due to non-international armed conflict (niac) on 12 January in Kayin State, Myanmar, according to UNHCR Myanmar. UNHCR Myanmar - 19 January 2026",,Non-International armed conflict (NIAC)
224492,Myanmar,MMR,19.40822,94.100594,"[19.40822, 94.100594]",Recommended figure,Conflict,total,200,1/19/2026,1/12/2026,1/19/2026,2026,37911,Myanmar: Non-International armed conflict (NIAC) - Rakhine State (Central & North) - 2026,,,1/1/2026,12/31/2026,,,Non-International armed conflict (NIAC),Non-International armed conflict (NIAC),,UNHCR Myanmar,,"Rakhine (Central), Myanmar","19.40822, 94.100594",State/Region/Province (ADM1),Destination,Displacement without preventive evacuations reported,2026-01-28T13:31:50.200132Z,"Myanmar: 200 displacements, 12 January - 19 January. According to UNHCR Myanmar, a total of 200 people were displaced in Rakhine (Central), Myanmar due to non-international armed conflict (niac) on 12 January UNHCR Myanmar - 19 January 2026",,Non-International armed conflict (NIAC)
224493,Myanmar,MMR,24.47151,95.465286,"[24.47151, 95.465286]",Recommended figure,Conflict,total,2100,1/19/2026,1/12/2026,1/19/2026,2026,37909,Myanmar: Non-International armed conflict (NIAC) - Sagaing Region - 2026,,,1/1/2026,12/31/2026,,,Non-International armed conflict (NIAC),Non-International armed conflict (NIAC),,UNHCR Myanmar,,"Sagaing, Myanmar","24.47151, 95.465286",State/Region/Province (ADM1),Destination,Displacement without preventive evacuations reported,2026-01-28T13:31:50.289576Z,"Myanmar: 2,100 displacements, 12 January - 19 January. Non-international armed conflict (niac) resulted in a total of 2100 people being displaced in Sagaing, Myanmar on 12 January, according to UNHCR Myanmar. UNHCR Myanmar - 19 January 2026",,Non-International armed conflict (NIAC)
221407,Myanmar,MMR,18.32782,95.64238,"[18.32782, 95.64238]",Recommended figure,Conflict,total,400,1/12/2026,1/5/2026,1/12/2026,2026,37914,Myanmar: Non-International armed conflict (NIAC) - Bago Region (East & West) - 2026,,,1/1/2026,12/31/2026,,,Non-International armed conflict (NIAC),Non-International armed conflict (NIAC),,UNHCR Myanmar,,"West Bago Region, Bago Region, Myanmar","18.32782, 95.64238",District/Zone/Department (ADM2),Destination,Displacement without preventive evacuations reported,2026-01-21T14:03:40.673685Z,"Myanmar: 400 displacements, 05 January - 12 January. According to UNHCR Myanmar, a total of 400 people were displaced in West Bago Region, Bago Region, Myanmar due to non-international armed conflict (niac) on 5 January UNHCR Myanmar - 12 January 2026",,Non-International armed conflict (NIAC)
221408,Myanmar,MMR,22.820789,98.005898,"[22.820789, 98.005898]",Recommended figure,Conflict,total,1000,1/12/2026,1/5/2026,1/12/2026,2026,37917,Myanmar: Non-International armed conflict (NIAC) - Shan State (North & South) - 2026,,,1/1/2026,12/31/2026,,,Non-International armed conflict (NIAC),Non-International armed conflict (NIAC),,UNHCR Myanmar,,"North Shan State, Shan State, Myanmar","22.820789, 98.005898",District/Zone/Department (ADM2),Destination,Displacement without preventive evacuations reported,2026-01-21T14:03:40.775708Z,"Myanmar: 1,000 displacements, 05 January - 12 January. Non-international armed conflict (niac) resulted in a total of 1000 people being displaced in North Shan State, Shan State, Myanmar on 5 January, according to UNHCR Myanmar. UNHCR Myanmar - 12 January 2026",,Non-International armed conflict (NIAC)
221409,Myanmar,MMR,17.08325,97.333733,"[17.08325, 97.333733]",Recommended figure,Conflict,total,8600,1/12/2026,1/5/2026,1/12/2026,2026,37913,Myanmar: Non-International armed conflict (NIAC) - Mon State - 2026,,,1/1/2026,12/31/2026,,,Non-International armed conflict (NIAC),Non-International armed conflict (NIAC),,UNHCR Myanmar,,"Mon State, Myanmar","17.08325, 97.333733",State/Region/Province (ADM1),Destination,Displacement without preventive evacuations reported,2026-01-21T14:03:40.842480Z,"Myanmar: 8,600 displacements, 05 January - 12 January. A total of 8600 people were displaced due to non-international armed conflict (niac) on 5 January in Mon State, Myanmar, according to UNHCR Myanmar. UNHCR Myanmar - 12 January 2026",,Non-International armed conflict (NIAC)
221410,Myanmar,MMR,18.159109,96.65007,"[18.159109, 96.65007]",Recommended figure,Conflict,total,400,1/12/2026,1/5/2026,1/12/2026,2026,37914,Myanmar: Non-International armed conflict (NIAC) - Bago Region (East & West) - 2026,,,1/1/2026,12/31/2026,,,Non-International armed conflict (NIAC),Non-International armed conflict (NIAC),,UNHCR Myanmar,,"East Bago Region, Bago Region, Myanmar","18.159109, 96.65007",District/Zone/Department (ADM2),Destination,Displacement without preventive evacuations reported,2026-01-21T14:03:40.912389Z,"Myanmar: 400 displacements, 05 January - 12 January. Non-international armed conflict (niac) resulted in a total of 400 people being displaced in East Bago Region, Bago Region, Myanmar on 5 January, according to UNHCR Myanmar. UNHCR Myanmar - 12 January 2026",,Non-International armed conflict (NIAC)
221411,Myanmar,MMR,26.020769,97.491928,"[26.020769, 97.491928]",Recommended figure,Conflict,total,1200,1/12/2026,1/5/2026,1/12/2026,2026,37908,Myanmar: Non-International armed conflict (NIAC) - Kachin State - 2026,,,1/1/2026,12/31/2026,,,Non-International armed conflict (NIAC),Non-International armed conflict (NIAC),,UNHCR Myanmar,,"Kachin State, Myanmar","26.020769, 97.491928",State/Region/Province (ADM1),Destination,Displacement without preventive evacuations reported,2026-01-21T14:03:40.980092Z,"Myanmar: 1,200 displacements, 05 January - 12 January. According to UNHCR Myanmar, a total of 1200 people were displaced in Kachin State, Myanmar due to non-international armed conflict (niac) on 5 January UNHCR Myanmar - 12 January 2026",,Non-International armed conflict (NIAC)
221412,Myanmar,MMR,17.18631,97.749931,"[17.18631, 97.749931]",Recommended figure,Conflict,total,100,1/12/2026,1/5/2026,1/12/2026,2026,37915,Myanmar: Non-International armed conflict (NIAC) - Kayin State - 2026,,,1/1/2026,12/31/2026,,,Non-International armed conflict (NIAC),Non-International armed conflict (NIAC),,UNHCR Myanmar,,"Kayin State, Myanmar","17.18631, 97.749931",State/Region/Province (ADM1),Destination,Displacement without preventive evacuations reported,2026-01-21T14:03:41.493342Z,"Myanmar: 100 displacements, 05 January - 12 January. Non-international armed conflict (niac) resulted in a total of 100 people being displaced in Kayin State, Myanmar on 5 January, according to UNHCR Myanmar. UNHCR Myanmar - 12 January 2026",,Non-International armed conflict (NIAC)
221413,Myanmar,MMR,19.40822,94.100594,"[19.40822, 94.100594]",Recommended figure,Conflict,total,1100,1/12/2026,1/5/2026,1/12/2026,2026,37911,Myanmar: Non-International armed conflict (NIAC) - Rakhine State (Central & North) - 2026,,,1/1/2026,12/31/2026,,,Non-International armed conflict (NIAC),Non-International armed conflict (NIAC),,UNHCR Myanmar,,"Rakhine (Central), Myanmar","19.40822, 94.100594",State/Region/Province (ADM1),Destination,Displacement without preventive evacuations reported,2026-01-21T14:03:41.571418Z,"Myanmar: 1,100 displacements, 05 January - 12 January. A total of 1100 people were displaced due to non-international armed conflict (niac) on 5 January in Rakhine Central, Myanmar, according to UNHCR Myanmar. UNHCR Myanmar - 12 January 2026",,Non-International armed conflict (NIAC)
219562,Myanmar,MMR,18.159109,96.65007,"[18.159109, 96.65007]",Recommended figure,Conflict,total,400,1/5/2026,1/1/2026,1/5/2026,2026,37914,Myanmar: Non-International armed conflict (NIAC) - Bago Region (East & West) - 2026,,,1/1/2026,12/31/2026,,,Non-International armed conflict (NIAC),Non-International armed conflict (NIAC),,UNHCR Myanmar,,"East Bago Region, Bago Region, Myanmar","18.159109, 96.65007",District/Zone/Department (ADM2),Destination,Displacement without preventive evacuations reported,2026-01-12T09:46:43.754526Z,"Myanmar: 400 displacements, 01 January - 05 January. Non-international armed conflict (niac) resulted in a total of 400 people being displaced in East Bago Region, Bago Region, Myanmar on 1 January, according to UNHCR Myanmar. UNHCR Myanmar - 05 January 2026",,Non-International armed conflict (NIAC)
219563,Myanmar,MMR,19.40822,94.100594,"[19.40822, 94.100594]",Recommended figure,Conflict,total,11400,1/5/2026,1/1/2026,1/5/2026,2026,37911,Myanmar: Non-International armed conflict (NIAC) - Rakhine State (Central & North) - 2026,,,1/1/2026,12/31/2026,,,Non-International armed conflict (NIAC),Non-International armed conflict (NIAC),,UNHCR Myanmar,,"Rakhine (Central), Myanmar","19.40822, 94.100594",State/Region/Province (ADM1),Destination,Displacement without preventive evacuations reported,2026-01-12T09:46:43.808778Z,"Myanmar: 11,400 displacements, 01 January - 05 January. Non-international armed conflict (niac) resulted in a total of 11400 people being displaced in Rakhine (Central), Myanmar on 1 January, according to UNHCR Myanmar. UNHCR Myanmar - 05 January 2026",,Non-International armed conflict (NIAC)
219433,Myanmar,MMR,18.159109,96.65007,"[18.159109, 96.65007]",Triangulation,Conflict,total,300,12/29/2025,12/22/2025,12/29/2025,2025,29141,Myanmar: Non-International armed conflict (NIAC) - Bago Region (East & West) - 2025,,,1/1/2025,12/31/2025,,,Non-International armed conflict (NIAC),Non-International armed conflict (NIAC),,UNHCR Myanmar,,"East Bago Region, Bago Region, Myanmar","18.159109, 96.65007",District/Zone/Department (ADM2),Destination,Displacement without preventive evacuations reported,2026-01-08T11:11:43.540376Z,"Myanmar: 300 displacements, 22 December - 29 December. According to UNHCR Myanmar, a total of 300 people were displaced in East Bago Region, Bago Region, Myanmar due to non-international armed conflict (niac) on 22 December UNHCR Myanmar - 29 December 2025",,Non-International armed conflict (NIAC)
219434,Myanmar,MMR,19.40822,94.100594,"[19.40822, 94.100594]",Triangulation,Conflict,total,20100,12/29/2025,12/22/2025,12/29/2025,2025,29144,Myanmar: Non-International armed conflict (NIAC) - Rakhine State (Central & North) - 2025,,,1/1/2025,12/31/2025,,,Non-International armed conflict (NIAC),Non-International armed conflict (NIAC),,UNHCR Myanmar,,"Rakhine, Myanmar","19.40822, 94.100594",State/Region/Province (ADM1),Destination,Displacement without preventive evacuations reported,2026-01-08T11:11:43.640670Z,"Myanmar: 20,100 displacements, 22 December - 29 December. A total of 20100 people were displaced due to non-international armed conflict (niac) on 22 December in Rakhine Central, Myanmar, according to UNHCR Myanmar. UNHCR Myanmar - 29 December 2025",,Non-International armed conflict (NIAC)
218937,Myanmar,MMR,17.08325,97.333733,"[17.08325, 97.333733]",Triangulation,Conflict,total,1800,12/22/2025,12/15/2025,12/22/2025,2025,29142,Myanmar: Non-International armed conflict (NIAC) - Mon State - 2025,,,1/1/2025,12/31/2025,,,Non-International armed conflict (NIAC),Non-International armed conflict (NIAC),,UNHCR Myanmar,,"Mon State, Myanmar","17.08325, 97.333733",State/Region/Province (ADM1),Destination,Displacement without preventive evacuations reported,2026-01-05T15:33:31.898566Z,"Myanmar: 1,800 displacements, 15 December - 22 December. Non-international armed conflict (niac) resulted in a total of 1800 people being displaced in Mon State, Myanmar on 15 December, according to UNHCR Myanmar. UNHCR Myanmar - 22 December 2025",,Non-International armed conflict (NIAC)
218938,Myanmar,MMR,12.27192,98.489594,"[12.27192, 98.489594]",Triangulation,Conflict,total,4200,12/22/2025,12/15/2025,12/22/2025,2025,29143,Myanmar: Non-International armed conflict (NIAC) - Tanintharyi Region - 2025,,,1/1/2025,12/31/2025,,,Non-International armed conflict (NIAC),Non-International armed conflict (NIAC),,UNHCR Myanmar,,"Tanintharyi Region, Myanmar","12.27192, 98.489594",State/Region/Province (ADM1),Destination,Displacement without preventive evacuations reported,2026-01-05T15:33:31.965441Z,"Myanmar: 4,200 displacements, 15 December - 22 December. Non-international armed conflict (niac) resulted in a total of 4200 people being displaced in Tanintharyi Region, Myanmar on 15 December, according to UNHCR Myanmar. UNHCR Myanmar - 22 December 2025",,Non-International armed conflict (NIAC)
218939,Myanmar,MMR,17.18631,97.749931,"[17.18631, 97.749931]",Triangulation,Conflict,total,800,12/22/2025,12/15/2025,12/22/2025,2025,29140,Myanmar: Non-International armed conflict (NIAC) - Kayin State - 2025,,,1/1/2025,12/31/2025,,,Non-International armed conflict (NIAC),Non-International armed conflict (NIAC),,UNHCR Myanmar,,"Kayin State, Myanmar","17.18631, 97.749931",State/Region/Province (ADM1),Destination,Displacement without preventive evacuations reported,2026-01-05T15:33:32.025918Z,"Myanmar: 800 displacements, 15 December - 22 December. Non-international armed conflict (niac) resulted in a total of 800 people being displaced in Kayin State, Myanmar on 15 December, according to UNHCR Myanmar. UNHCR Myanmar - 22 December 2025",,Non-International armed conflict (NIAC)
218940,Myanmar,MMR,19.40822,94.100594,"[19.40822, 94.100594]",Triangulation,Conflict,total,800,12/22/2025,12/15/2025,12/22/2025,2025,29144,Myanmar: Non-International armed conflict (NIAC) - Rakhine State (Central & North) - 2025,,,1/1/2025,12/31/2025,,,Non-International armed conflict (NIAC),Non-International armed conflict (NIAC),,UNHCR Myanmar,,"Rakhine, Myanmar","19.40822, 94.100594",State/Region/Province (ADM1),Destination,Displacement without preventive evacuations reported,2026-01-05T15:33:32.079858Z,"Myanmar: 800 displacements, 15 December - 22 December. A total of 800 people were displaced due to non-international armed conflict (niac) on 15 December in Rakhine Central, Myanmar, according to UNHCR Myanmar. UNHCR Myanmar - 22 December 2025",,Non-International armed conflict (NIAC)
218916,Myanmar,MMR,26.020769,97.491928,"[26.020769, 97.491928]",Triangulation,Conflict,total,1100,12/15/2025,12/8/2025,12/15/2025,2025,29147,Myanmar: Non-International armed conflict (NIAC) - Kachin State - 2025,,,1/1/2025,12/31/2025,,,Non-International armed conflict (NIAC),Non-International armed conflict (NIAC),,UNHCR Myanmar,,"Kachin State, Myanmar","26.020769, 97.491928",State/Region/Province (ADM1),Destination,Displacement without preventive evacuations reported,2026-01-05T14:22:47.437731Z,"Myanmar: 1,100 displacements, 08 December - 15 December. According to UNHCR Myanmar, a total of 1100 people were displaced in Kachin State, Myanmar due to non-international armed conflict (niac) on 8 December UNHCR Myanmar - 15 December 2025",,Non-International armed conflict (NIAC)
214833,Myanmar,MMR,22.820789,98.005898,"[22.820789, 98.005898]",Triangulation,Conflict,total,1500,12/1/2025,11/24/2025,12/1/2025,2025,29138,Myanmar: Non-International armed conflict (NIAC) - Shan State (North & South) - 2025,,,1/1/2025,12/31/2025,,,Non-International armed conflict (NIAC),Non-International armed conflict (NIAC),,UNHCR Myanmar,,"North Shan State, Shan State, Myanmar","22.820789, 98.005898",District/Zone/Department (ADM2),Destination,Displacement without preventive evacuations reported,2025-12-04T09:39:29.656839Z,"Myanmar: 1,500 displacements, 24 November - 01 December. A total of 1500 people were displaced due to non-international armed conflict (niac) on 24 November in North Shan State, Shan State, Myanmar, according to UNHCR Myanmar. UNHCR Myanmar - 01 December 2025",,Non-International armed conflict (NIAC)
214834,Myanmar,MMR,20.78562,97.532921,"[20.78562, 97.532921]",Triangulation,Conflict,total,100,12/1/2025,11/24/2025,12/1/2025,2025,29138,Myanmar: Non-International armed conflict (NIAC) - Shan State (North & South) - 2025,,,1/1/2025,12/31/2025,,,Non-International armed conflict (NIAC),Non-International armed conflict (NIAC),,UNHCR Myanmar,,"South Shan State, Shan State, Myanmar","20.78562, 97.532921",District/Zone/Department (ADM2),Destination,Displacement without preventive evacuations reported,2025-12-04T09:39:29.722216Z,"Myanmar: 100 displacements, 24 November - 01 December. Non-international armed conflict (niac) resulted in a total of 100 people being displaced in South Shan State, Shan State, Myanmar on 24 November, according to UNHCR Myanmar. UNHCR Myanmar - 01 December 2025",,Non-International armed conflict (NIAC)
214835,Myanmar,MMR,12.27192,98.489594,"[12.27192, 98.489594]",Triangulation,Conflict,total,100,12/1/2025,11/24/2025,12/1/2025,2025,29143,Myanmar: Non-International armed conflict (NIAC) - Tanintharyi Region - 2025,,,1/1/2025,12/31/2025,,,Non-International armed conflict (NIAC),Non-International armed conflict (NIAC),,UNHCR Myanmar,,"Tanintharyi Region, Myanmar","12.27192, 98.489594",State/Region/Province (ADM1),Destination,Displacement without preventive evacuations reported,2025-12-04T09:39:29.777647Z,"Myanmar: 100 displacements, 24 November - 01 December. Non-international armed conflict (niac) resulted in a total of 100 people being displaced in Tanintharyi Region, Myanmar on 24 November, according to UNHCR Myanmar. UNHCR Myanmar - 01 December 2025",,Non-International armed conflict (NIAC)
214836,Myanmar,MMR,17.18631,97.749931,"[17.18631, 97.749931]",Triangulation,Conflict,total,200,12/1/2025,11/24/2025,12/1/2025,2025,29140,Myanmar: Non-International armed conflict (NIAC) - Kayin State - 2025,,,1/1/2025,12/31/2025,,,Non-International armed conflict (NIAC),Non-International armed conflict (NIAC),,UNHCR Myanmar,,"Kayin State, Myanmar","17.18631, 97.749931",State/Region/Province (ADM1),Destination,Displacement without preventive evacuations reported,2025-12-04T09:39:30.104291Z,"Myanmar: 200 displacements, 24 November - 01 December. A total of 200 people were displaced due to non-international armed conflict (niac) on 24 November in Kayin State, Myanmar, according to UNHCR Myanmar. UNHCR Myanmar - 01 December 2025",,Non-International armed conflict (NIAC)
213840,Myanmar,MMR,18.159109,96.65007,"[18.159109, 96.65007]",Triangulation,Conflict,total,100,11/24/2025,11/17/2025,11/24/2025,2025,29141,Myanmar: Non-International armed conflict (NIAC) - Bago Region (East & West) - 2025,,,1/1/2025,12/31/2025,,,Non-International armed conflict (NIAC),Non-International armed conflict (NIAC),,UNHCR Myanmar,,"East Bago Region, Bago Region, Myanmar","18.159109, 96.65007",District/Zone/Department (ADM2),Destination,Displacement without preventive evacuations reported,2025-12-01T11:24:05.102280Z,"Myanmar: 100 displacements, 17 November - 24 November. A total of 100 people were displaced due to non-international armed conflict (niac) on 17 November in East Bago Region, Bago Region, Myanmar, according to UNHCR Myanmar. UNHCR Myanmar - 24 November 2025",,Non-International armed conflict (NIAC)
213841,Myanmar,MMR,26.020769,97.491928,"[26.020769, 97.491928]",Triangulation,Conflict,total,800,11/24/2025,11/17/2025,11/24/2025,2025,29147,Myanmar: Non-International armed conflict (NIAC) - Kachin State - 2025,,,1/1/2025,12/31/2025,,,Non-International armed conflict (NIAC),Non-International armed conflict (NIAC),,UNHCR Myanmar,,"Kachin State, Myanmar","26.020769, 97.491928",State/Region/Province (ADM1),Destination,Displacement without preventive evacuations reported,2025-12-01T11:24:05.167944Z,"Myanmar: 800 displacements, 17 November - 24 November. According to UNHCR Myanmar, a total of 800 people were displaced in Kachin State, Myanmar due to non-international armed conflict (niac) on 17 November UNHCR Myanmar - 24 November 2025",,Non-International armed conflict (NIAC)
213842,Myanmar,MMR,12.27192,98.489594,"[12.27192, 98.489594]",Triangulation,Conflict,total,1800,11/24/2025,11/17/2025,11/24/2025,2025,29143,Myanmar: Non-International armed conflict (NIAC) - Tanintharyi Region - 2025,,,1/1/2025,12/31/2025,,,Non-International armed conflict (NIAC),Non-International armed conflict (NIAC),,UNHCR Myanmar,,"Tanintharyi Region, Myanmar","12.27192, 98.489594",State/Region/Province (ADM1),Destination,Displacement without preventive evacuations reported,2025-12-01T11:24:05.228327Z,"Myanmar: 1,800 displacements, 17 November - 24 November. Non-international armed conflict (niac) resulted in a total of 1800 people being displaced in Tanintharyi Region, Myanmar on 17 November, according to UNHCR Myanmar. UNHCR Myanmar - 24 November 2025",,Non-International armed conflict (NIAC)
213843,Myanmar,MMR,17.18631,97.749931,"[17.18631, 97.749931]",Triangulation,Conflict,total,400,11/24/2025,11/17/2025,11/24/2025,2025,29140,Myanmar: Non-International armed conflict (NIAC) - Kayin State - 2025,,,1/1/2025,12/31/2025,,,Non-International armed conflict (NIAC),Non-International armed conflict (NIAC),,UNHCR Myanmar,,"Kayin State, Myanmar","17.18631, 97.749931",State/Region/Province (ADM1),Destination,Displacement without preventive evacuations reported,2025-12-01T11:24:05.289098Z,"Myanmar: 400 displacements, 17 November - 24 November. A total of 400 people were displaced due to non-international armed conflict (niac) on 17 November in Kayin State, Myanmar, according to UNHCR Myanmar. UNHCR Myanmar - 24 November 2025",,Non-International armed conflict (NIAC)
213844,Myanmar,MMR,24.47151,95.465286,"[24.47151, 95.465286]",Triangulation,Conflict,total,13700,11/24/2025,11/17/2025,11/24/2025,2025,29146,Myanmar: Non-International armed conflict (NIAC) - Sagaing Region - 2025,,,1/1/2025,12/31/2025,,,Non-International armed conflict (NIAC),Non-International armed conflict (NIAC),,UNHCR Myanmar,,"Sagaing, Myanmar","24.47151, 95.465286",State/Region/Province (ADM1),Destination,Displacement without preventive evacuations reported,2025-12-01T11:24:05.353932Z,"Myanmar: 13,700 displacements, 17 November - 24 November. Non-international armed conflict (niac) resulted in a total of 13700 people being displaced in Sagaing, Myanmar on 17 November, according to UNHCR Myanmar. UNHCR Myanmar - 24 November 2025",,Non-International armed conflict (NIAC)
208294,Myanmar,MMR,12.27192,98.489594,"[12.27192, 98.489594]",Triangulation,Conflict,total,3000,11/17/2025,11/10/2025,11/17/2025,2025,29143,Myanmar: Non-International armed conflict (NIAC) - Tanintharyi Region - 2025,,,1/1/2025,12/31/2025,,,Non-International armed conflict (NIAC),Non-International armed conflict (NIAC),,UNHCR Myanmar,,"Tanintharyi Region, Myanmar","12.27192, 98.489594",State/Region/Province (ADM1),Destination,Displacement without preventive evacuations reported,2025-11-21T10:02:37.550012Z,"Myanmar: 3,000 displacements, 10 November - 17 November. Non-international armed conflict (niac) resulted in a total of 3000 people being displaced in Tanintharyi Region, Myanmar on 10 November, according to UNHCR Myanmar. UNHCR Myanmar - 17 November 2025",,Non-International armed conflict (NIAC)
208295,Myanmar,MMR,24.47151,95.465286,"[24.47151, 95.465286]",Triangulation,Conflict,total,12200,11/17/2025,11/10/2025,11/17/2025,2025,29146,Myanmar: Non-International armed conflict (NIAC) - Sagaing Region - 2025,,,1/1/2025,12/31/2025,,,Non-International armed conflict (NIAC),Non-International armed conflict (NIAC),,UNHCR Myanmar,,"Sagaing, Myanmar","24.47151, 95.465286",State/Region/Province (ADM1),Destination,Displacement without preventive evacuations reported,2025-11-21T10:02:37.602270Z,"Myanmar: 12,200 displacements, 10 November - 17 November. A total of 12200 people were displaced due to non-international armed conflict (niac) on 10 November in Sagaing, Myanmar, according to UNHCR Myanmar. UNHCR Myanmar - 17 November 2025",,Non-International armed conflict (NIAC)
208228,Myanmar,MMR,19.40822,94.100594,"[19.40822, 94.100594]",Triangulation,Conflict,total,100,11/10/2025,11/3/2025,11/10/2025,2025,29144,Myanmar: Non-International armed conflict (NIAC) - Rakhine State (Central & North) - 2025,,,1/1/2025,12/31/2025,,,Non-International armed conflict (NIAC),Non-International armed conflict (NIAC),,UNHCR Myanmar,,"Rakhine, Myanmar","19.40822, 94.100594",State/Region/Province (ADM1),Destination,Displacement without preventive evacuations reported,2025-11-20T15:42:33.863850Z,"Myanmar: 100 displacements, 03 November - 10 November. Non-international armed conflict (niac) resulted in a total of 100 people being displaced in Rakhine North, Myanmar on 3 November, according to UNHCR Myanmar. UNHCR Myanmar - 10 November 2025",,Non-International armed conflict (NIAC)
208229,Myanmar,MMR,22.01824,93.503799,"[22.01824, 93.503799]",Triangulation,Conflict,total,3200,11/10/2025,11/3/2025,11/10/2025,2025,29139,Myanmar: Non-International armed conflict (NIAC) - Chin State - 2025,,,1/1/2025,12/31/2025,,,Non-International armed conflict (NIAC),Non-International armed conflict (NIAC),,UNHCR Myanmar,,"Chin State, Myanmar","22.01824, 93.503799",State/Region/Province (ADM1),Destination,Displacement without preventive evacuations reported,2025-11-20T15:42:33.943885Z,"Myanmar: 3,200 displacements, 03 November - 10 November. A total of 3200 people were displaced due to non-international armed conflict (niac) on 3 November in Chin State, Myanmar, according to UNHCR Myanmar. UNHCR Myanmar - 10 November 2025",,Non-International armed conflict (NIAC)
208230,Myanmar,MMR,19.28125,97.329178,"[19.28125, 97.329178]",Triangulation,Conflict,total,200,11/10/2025,11/3/2025,11/10/2025,2025,29148,Myanmar: Non-International armed conflict (NIAC) - Kayah State - 2025,,,1/1/2025,12/31/2025,,,Non-International armed conflict (NIAC),Non-International armed conflict (NIAC),,UNHCR Myanmar,,"Kayah State, Myanmar","19.28125, 97.329178",State/Region/Province (ADM1),Destination,Displacement without preventive evacuations reported,2025-11-20T15:42:34.017030Z,"Myanmar: 200 displacements, 03 November - 10 November. According to UNHCR Myanmar, a total of 200 people were displaced in Kayah State, Myanmar due to non-international armed conflict (niac) on 3 November UNHCR Myanmar - 10 November 2025",,Non-International armed conflict (NIAC)
208231,Myanmar,MMR,18.159109,96.65007,"[18.159109, 96.65007]",Triangulation,Conflict,total,100,11/10/2025,11/3/2025,11/10/2025,2025,29141,Myanmar: Non-International armed conflict (NIAC) - Bago Region (East & West) - 2025,,,1/1/2025,12/31/2025,,,Non-International armed conflict (NIAC),Non-International armed conflict (NIAC),,UNHCR Myanmar,,"East Bago Region, Bago Region, Myanmar","18.159109, 96.65007",District/Zone/Department (ADM2),Destination,Displacement without preventive evacuations reported,2025-11-20T15:42:34.092439Z,"Myanmar: 100 displacements, 03 November - 10 November. Non-international armed conflict (niac) resulted in a total of 100 people being displaced in East Bago Region, Bago Region, Myanmar on 3 November, according to UNHCR Myanmar. UNHCR Myanmar - 10 November 2025",,Non-International armed conflict (NIAC)
208232,Myanmar,MMR,17.18631,97.749931,"[17.18631, 97.749931]",Triangulation,Conflict,total,100,11/10/2025,11/3/2025,11/10/2025,2025,29140,Myanmar: Non-International armed conflict (NIAC) - Kayin State - 2025,,,1/1/2025,12/31/2025,,,Non-International armed conflict (NIAC),Non-International armed conflict (NIAC),,UNHCR Myanmar,,"Kayin State, Myanmar","17.18631, 97.749931",State/Region/Province (ADM1),Destination,Displacement without preventive evacuations reported,2025-11-20T15:42:34.162077Z,"Myanmar: 100 displacements, 03 November - 10 November. Non-international armed conflict (niac) resulted in a total of 100 people being displaced in Kayin State, Myanmar on 3 November, according to UNHCR Myanmar. UNHCR Myanmar - 10 November 2025",,Non-International armed conflict (NIAC)
208233,Myanmar,MMR,24.47151,95.465286,"[24.47151, 95.465286]",Triangulation,Conflict,total,1000,11/10/2025,11/3/2025,11/10/2025,2025,29146,Myanmar: Non-International armed conflict (NIAC) - Sagaing Region - 2025,,,1/1/2025,12/31/2025,,,Non-International armed conflict (NIAC),Non-International armed conflict (NIAC),,UNHCR Myanmar,,"Sagaing, Myanmar","24.47151, 95.465286",State/Region/Province (ADM1),Destination,Displacement without preventive evacuations reported,2025-11-20T15:42:34.229087Z,"Myanmar: 1,000 displacements, 03 November - 10 November. According to UNHCR Myanmar, a total of 1000 people were displaced in Sagaing, Myanmar due to non-international armed conflict (niac) on 3 November UNHCR Myanmar - 10 November 2025",,Non-International armed conflict (NIAC)
207492,Myanmar,MMR,17.10837,95.14444,"[17.10837, 95.14444]",Triangulation,Conflict,total,13000,11/3/2025,10/27/2025,11/3/2025,2025,30491,Myanmar: Non-International armed conflict (NIAC) - Ayeyarwady Region - 2025,,,1/1/2025,12/31/2025,,,Non-International armed conflict (NIAC),Non-International armed conflict (NIAC),,UNHCR Myanmar,,"Ayeyarwady, Myanmar","17.10837, 95.14444",State/Region/Province (ADM1),Destination,Displacement without preventive evacuations reported,2025-11-14T13:47:04.611094Z,"Myanmar: 13,000 displacements, 27 October - 03 November. Non-international armed conflict (niac) resulted in a total of 13000 people being displaced in Ayeyarwady, Myanmar on 27 October, according to UNHCR Myanmar. UNHCR Myanmar - 03 November 2025",,Non-International armed conflict (NIAC)
207493,Myanmar,MMR,19.40822,94.100594,"[19.40822, 94.100594]",Triangulation,Conflict,total,500,11/3/2025,10/27/2025,11/3/2025,2025,29144,Myanmar: Non-International armed conflict (NIAC) - Rakhine State (Central & North) - 2025,,,1/1/2025,12/31/2025,,,Non-International armed conflict (NIAC),Non-International armed conflict (NIAC),,UNHCR Myanmar,,"Rakhine, Myanmar","19.40822, 94.100594",State/Region/Province (ADM1),Destination,Displacement without preventive evacuations reported,2025-11-14T13:47:04.670212Z,"Myanmar: 500 displacements, 27 October - 03 November. Non-international armed conflict (niac) resulted in a total of 500 people being displaced in Rakhine North, Myanmar on 27 October, according to UNHCR Myanmar. UNHCR Myanmar - 03 November 2025",,Non-International armed conflict (NIAC)
207494,Myanmar,MMR,22.01824,93.503799,"[22.01824, 93.503799]",Triangulation,Conflict,total,300,11/3/2025,10/27/2025,11/3/2025,2025,29139,Myanmar: Non-International armed conflict (NIAC) - Chin State - 2025,,,1/1/2025,12/31/2025,,,Non-International armed conflict (NIAC),Non-International armed conflict (NIAC),,UNHCR Myanmar,,"Chin State, Myanmar","22.01824, 93.503799",State/Region/Province (ADM1),Destination,Displacement without preventive evacuations reported,2025-11-14T13:47:04.724548Z,"Myanmar: 300 displacements, 27 October - 03 November. Non-international armed conflict (niac) resulted in a total of 300 people being displaced in Chin State, Myanmar on 27 October, according to UNHCR Myanmar. UNHCR Myanmar - 03 November 2025",,Non-International armed conflict (NIAC)
207495,Myanmar,MMR,19.28125,97.329178,"[19.28125, 97.329178]",Triangulation,Conflict,total,5600,11/3/2025,10/27/2025,11/3/2025,2025,29148,Myanmar: Non-International armed conflict (NIAC) - Kayah State - 2025,,,1/1/2025,12/31/2025,,,Non-International armed conflict (NIAC),Non-International armed conflict (NIAC),,UNHCR Myanmar,,"Kayah State, Myanmar","19.28125, 97.329178",State/Region/Province (ADM1),Destination,Displacement without preventive evacuations reported,2025-11-14T13:47:04.778704Z,"Myanmar: 5,600 displacements, 27 October - 03 November. A total of 5600 people were displaced due to non-international armed conflict (niac) on 27 October in Kayah State, Myanmar, according to UNHCR Myanmar. UNHCR Myanmar - 03 November 2025",,Non-International armed conflict (NIAC)
207496,Myanmar,MMR,18.159109,96.65007,"[18.159109, 96.65007]",Triangulation,Conflict,total,200,11/3/2025,10/27/2025,11/3/2025,2025,29141,Myanmar: Non-International armed conflict (NIAC) - Bago Region (East & West) - 2025,,,1/1/2025,12/31/2025,,,Non-International armed conflict (NIAC),Non-International armed conflict (NIAC),,UNHCR Myanmar,,"East Bago Region, Bago Region, Myanmar","18.159109, 96.65007",District/Zone/Department (ADM2),Destination,Displacement without preventive evacuations reported,2025-11-14T13:47:04.833513Z,"Myanmar: 200 displacements, 27 October - 03 November. Non-international armed conflict (niac) resulted in a total of 200 people being displaced in East Bago Region, Bago Region, Myanmar on 27 October, according to UNHCR Myanmar. UNHCR Myanmar - 03 November 2025",,Non-International armed conflict (NIAC)
207497,Myanmar,MMR,17.18631,97.749931,"[17.18631, 97.749931]",Triangulation,Conflict,total,400,11/3/2025,10/27/2025,11/3/2025,2025,29140,Myanmar: Non-International armed conflict (NIAC) - Kayin State - 2025,,,1/1/2025,12/31/2025,,,Non-International armed conflict (NIAC),Non-International armed conflict (NIAC),,UNHCR Myanmar,,"Kayin State, Myanmar","17.18631, 97.749931",State/Region/Province (ADM1),Destination,Displacement without preventive evacuations reported,2025-11-14T13:47:04.891314Z,"Myanmar: 400 displacements, 27 October - 03 November. Non-international armed conflict (niac) resulted in a total of 400 people being displaced in Kayin State, Myanmar on 27 October, according to UNHCR Myanmar. UNHCR Myanmar - 03 November 2025",,Non-International armed conflict (NIAC)
207498,Myanmar,MMR,20.274799,94.736221,"[20.274799, 94.736221]",Triangulation,Conflict,total,700,11/3/2025,10/27/2025,11/3/2025,2025,29145,Myanmar: Non-International armed conflict (NIAC) - Magway Region - 2025,,,1/1/2025,12/31/2025,,,Non-International armed conflict (NIAC),Non-International armed conflict (NIAC),,UNHCR Myanmar,,"Magway Region, Myanmar","20.274799, 94.736221",State/Region/Province (ADM1),Destination,Displacement without preventive evacuations reported,2025-11-14T13:47:04.942904Z,"Myanmar: 700 displacements, 27 October - 03 November. A total of 700 people were displaced due to non-international armed conflict (niac) on 27 October in Magway Region, Myanmar, according to UNHCR Myanmar. UNHCR Myanmar - 03 November 2025",,Non-International armed conflict (NIAC)
207499,Myanmar,MMR,19.40822,94.100594,"[19.40822, 94.100594]",Triangulation,Conflict,total,700,11/3/2025,10/27/2025,11/3/2025,2025,29144,Myanmar: Non-International armed conflict (NIAC) - Rakhine State (Central & North) - 2025,,,1/1/2025,12/31/2025,,,Non-International armed conflict (NIAC),Non-International armed conflict (NIAC),,UNHCR Myanmar,,"Rakhine, Myanmar","19.40822, 94.100594",State/Region/Province (ADM1),Destination,Displacement without preventive evacuations reported,2025-11-14T13:47:04.995078Z,"Myanmar: 700 displacements, 27 October - 03 November. Non-international armed conflict (niac) resulted in a total of 700 people being displaced in Rakhine Central, Myanmar on 27 October, according to UNHCR Myanmar. UNHCR Myanmar - 03 November 2025",,Non-International armed conflict (NIAC)
207500,Myanmar,MMR,24.47151,95.465286,"[24.47151, 95.465286]",Triangulation,Conflict,total,10500,11/3/2025,10/27/2025,11/3/2025,2025,29146,Myanmar: Non-International armed conflict (NIAC) - Sagaing Region - 2025,,,1/1/2025,12/31/2025,,,Non-International armed conflict (NIAC),Non-International armed conflict (NIAC),,UNHCR Myanmar,,"Sagaing, Myanmar","24.47151, 95.465286",State/Region/Province (ADM1),Destination,Displacement without preventive evacuations reported,2025-11-14T13:47:05.051873Z,"Myanmar: 10,500 displacements, 27 October - 03 November. Non-international armed conflict (niac) resulted in a total of 10500 people being displaced in Sagaing, Myanmar on 27 October, according to UNHCR Myanmar. UNHCR Myanmar - 03 November 2025",,Non-International armed conflict (NIAC)
204234,Myanmar,MMR,22.820789,98.005898,"[22.820789, 98.005898]",Triangulation,Conflict,total,100,10/27/2025,10/20/2025,10/27/2025,2025,29138,Myanmar: Non-International armed conflict (NIAC) - Shan State (North & South) - 2025,,,1/1/2025,12/31/2025,,,Non-International armed conflict (NIAC),Non-International armed conflict (NIAC),,UNHCR Myanmar,,"North Shan State, Shan State, Myanmar","22.820789, 98.005898",District/Zone/Department (ADM2),Destination,Displacement without preventive evacuations reported,2025-11-04T09:49:57.914396Z,"Myanmar: 100 displacements, 20 October - 27 October. According to UNHCR Myanmar, a total of 100 people were displaced in North Shan State, Shan State, Myanmar due to non-international armed conflict (niac) on 20 October UNHCR Myanmar - 27 October 2025",,Non-International armed conflict (NIAC)
204235,Myanmar,MMR,20.78562,97.532921,"[20.78562, 97.532921]",Triangulation,Conflict,total,1500,10/27/2025,10/20/2025,10/27/2025,2025,29138,Myanmar: Non-International armed conflict (NIAC) - Shan State (North & South) - 2025,,,1/1/2025,12/31/2025,,,Non-International armed conflict (NIAC),Non-International armed conflict (NIAC),,UNHCR Myanmar,,"South Shan State, Shan State, Myanmar","20.78562, 97.532921",District/Zone/Department (ADM2),Destination,Displacement without preventive evacuations reported,2025-11-04T09:49:57.981450Z,"Myanmar: 1,500 displacements, 20 October - 27 October. A total of 1500 people were displaced due to non-international armed conflict (niac) on 20 October in South Shan State, Shan State, Myanmar, according to UNHCR Myanmar. UNHCR Myanmar - 27 October 2025",,Non-International armed conflict (NIAC)
204236,Myanmar,MMR,20.274799,94.736221,"[20.274799, 94.736221]",Triangulation,Conflict,total,3600,10/27/2025,10/20/2025,10/27/2025,2025,29145,Myanmar: Non-International armed conflict (NIAC) - Magway Region - 2025,,,1/1/2025,12/31/2025,,,Non-International armed conflict (NIAC),Non-International armed conflict (NIAC),,UNHCR Myanmar,,"Magway Region, Myanmar","20.274799, 94.736221",State/Region/Province (ADM1),Destination,Displacement without preventive evacuations reported,2025-11-04T09:49:58.034019Z,"Myanmar: 3,600 displacements, 20 October - 27 October. According to UNHCR Myanmar, a total of 3600 people were displaced in Magway Region, Myanmar due to non-international armed conflict (niac) on 20 October UNHCR Myanmar - 27 October 2025",,Non-International armed conflict (NIAC)
204237,Myanmar,MMR,17.18631,97.749931,"[17.18631, 97.749931]",Triangulation,Conflict,total,100,10/27/2025,10/20/2025,10/27/2025,2025,29140,Myanmar: Non-International armed conflict (NIAC) - Kayin State - 2025,,,1/1/2025,12/31/2025,,,Non-International armed conflict (NIAC),Non-International armed conflict (NIAC),,UNHCR Myanmar,,"Kayin State, Myanmar","17.18631, 97.749931",State/Region/Province (ADM1),Destination,Displacement without preventive evacuations reported,2025-11-04T09:49:58.084312Z,"Myanmar: 100 displacements, 20 October - 27 October. Non-international armed conflict (niac) resulted in a total of 100 people being displaced in Kayin State, Myanmar on 20 October, according to UNHCR Myanmar. UNHCR Myanmar - 27 October 2025",,Non-International armed conflict (NIAC)
204238,Myanmar,MMR,24.47151,95.465286,"[24.47151, 95.465286]",Triangulation,Conflict,total,2300,10/27/2025,10/20/2025,10/27/2025,2025,29146,Myanmar: Non-International armed conflict (NIAC) - Sagaing Region - 2025,,,1/1/2025,12/31/2025,,,Non-International armed conflict (NIAC),Non-International armed conflict (NIAC),,UNHCR Myanmar,,"Sagaing, Myanmar","24.47151, 95.465286",State/Region/Province (ADM1),Destination,Displacement without preventive evacuations reported,2025-11-04T09:49:58.136945Z,"Myanmar: 2,300 displacements, 20 October - 27 October. According to UNHCR Myanmar, a total of 2300 people were displaced in Sagaing, Myanmar due to non-international armed conflict (niac) on 20 October UNHCR Myanmar - 27 October 2025",,Non-International armed conflict (NIAC)
197932,Myanmar,MMR,19.28125,97.329178,"[19.28125, 97.329178]",Triangulation,Conflict,total,1400,10/20/2025,10/13/2025,10/20/2025,2025,29148,Myanmar: Non-International armed conflict (NIAC) - Kayah State - 2025,,,1/1/2025,12/31/2025,,,Non-International armed conflict (NIAC),Non-International armed conflict (NIAC),,UNHCR Myanmar,,"Kayah State, Myanmar","19.28125, 97.329178",State/Region/Province (ADM1),Destination,Displacement without preventive evacuations reported,2025-10-29T12:35:28.481015Z,"Myanmar: 1,400 displacements, 13 October - 20 October. According to UNHCR Myanmar, a total of 1400 people were displaced in Kayah State, Myanmar due to non-international armed conflict (niac) on 13 October UNHCR Myanmar - 20 October 2025",,Non-International armed conflict (NIAC)
197933,Myanmar,MMR,12.27192,98.489594,"[12.27192, 98.489594]",Triangulation,Conflict,total,5100,10/20/2025,10/13/2025,10/20/2025,2025,29143,Myanmar: Non-International armed conflict (NIAC) - Tanintharyi Region - 2025,,,1/1/2025,12/31/2025,,,Non-International armed conflict (NIAC),Non-International armed conflict (NIAC),,UNHCR Myanmar,,"Tanintharyi Region, Myanmar","12.27192, 98.489594",State/Region/Province (ADM1),Destination,Displacement without preventive evacuations reported,2025-10-29T12:35:28.653386Z,"Myanmar: 5,100 displacements, 13 October - 20 October. Non-international armed conflict (niac) resulted in a total of 5100 people being displaced in Tanintharyi Region, Myanmar on 13 October, according to UNHCR Myanmar. UNHCR Myanmar - 20 October 2025",,Non-International armed conflict (NIAC)
197934,Myanmar,MMR,17.18631,97.749931,"[17.18631, 97.749931]",Triangulation,Conflict,total,700,10/20/2025,10/13/2025,10/20/2025,2025,29140,Myanmar: Non-International armed conflict (NIAC) - Kayin State - 2025,,,1/1/2025,12/31/2025,,,Non-International armed conflict (NIAC),Non-International armed conflict (NIAC),,UNHCR Myanmar,,"Kayin State, Myanmar","17.18631, 97.749931",State/Region/Province (ADM1),Destination,Displacement without preventive evacuations reported,2025-10-29T12:35:28.838032Z,"Myanmar: 700 displacements, 13 October - 20 October. A total of 700 people were displaced due to non-international armed conflict (niac) on 13 October in Kayin State, Myanmar, according to UNHCR Myanmar. UNHCR Myanmar - 20 October 2025",,Non-International armed conflict (NIAC)
195027,Myanmar,MMR,22.820789,98.005898,"[22.820789, 98.005898]",Triangulation,Conflict,total,800,10/13/2025,10/6/2025,10/13/2025,2025,29138,Myanmar: Non-International armed conflict (NIAC) - Shan State (North & South) - 2025,,,1/1/2025,12/31/2025,,,Non-International armed conflict (NIAC),Non-International armed conflict (NIAC),,UNHCR Myanmar,,"North Shan State, Shan State, Myanmar","22.820789, 98.005898",District/Zone/Department (ADM2),Destination,Displacement without preventive evacuations reported,2025-10-16T14:09:58.894408Z,"Myanmar: 800 displacements, 06 October - 13 October. According to UNHCR Myanmar, a total of 800 people were displaced in North Shan State, Shan State, Myanmar due to non-international armed conflict (niac) on 6 October UNHCR Myanmar - 13 October 2025",,Non-International armed conflict (NIAC)
195028,Myanmar,MMR,12.27192,98.489594,"[12.27192, 98.489594]",Triangulation,Conflict,total,2500,10/13/2025,10/6/2025,10/13/2025,2025,29143,Myanmar: Non-International armed conflict (NIAC) - Tanintharyi Region - 2025,,,1/1/2025,12/31/2025,,,Non-International armed conflict (NIAC),Non-International armed conflict (NIAC),,UNHCR Myanmar,,"Tanintharyi Region, Myanmar","12.27192, 98.489594",State/Region/Province (ADM1),Destination,Displacement without preventive evacuations reported,2025-10-16T14:09:58.960553Z,"Myanmar: 2,500 displacements, 06 October - 13 October. A total of 2500 people were displaced due to non-international armed conflict (niac) on 6 October in Tanintharyi Region, Myanmar, according to UNHCR Myanmar. UNHCR Myanmar - 13 October 2025",,Non-International armed conflict (NIAC)
195029,Myanmar,MMR,26.020769,97.491928,"[26.020769, 97.491928]",Triangulation,Conflict,total,900,10/13/2025,10/6/2025,10/13/2025,2025,29147,Myanmar: Non-International armed conflict (NIAC) - Kachin State - 2025,,,1/1/2025,12/31/2025,,,Non-International armed conflict (NIAC),Non-International armed conflict (NIAC),,UNHCR Myanmar,,"Kachin State, Myanmar","26.020769, 97.491928",State/Region/Province (ADM1),Destination,Displacement without preventive evacuations reported,2025-10-16T14:09:59.028416Z,"Myanmar: 900 displacements, 06 October - 13 October. A total of 900 people were displaced due to non-international armed conflict (niac) on 6 October in Kachin State, Myanmar, according to UNHCR Myanmar. UNHCR Myanmar - 13 October 2025",,Non-International armed conflict (NIAC)
194065,Myanmar,MMR,19.28125,97.329178,"[19.28125, 97.329178]",Triangulation,Conflict,total,1100,10/6/2025,9/29/2025,10/6/2025,2025,29148,Myanmar: Non-International armed conflict (NIAC) - Kayah State - 2025,,,1/1/2025,12/31/2025,,,Non-International armed conflict (NIAC),Non-International armed conflict (NIAC),,UNHCR Myanmar,,"Kayah State, Myanmar","19.28125, 97.329178",State/Region/Province (ADM1),Destination,Displacement without preventive evacuations reported,2025-10-09T10:05:40.971458Z,"Myanmar: 1,100 displacements, 29 September - 06 October. According to UNHCR Myanmar, a total of 1100 people were displaced in Kayah State, Myanmar due to non-international armed conflict (niac) on 29 September UNHCR Myanmar - 06 October 2025",,Non-International armed conflict (NIAC)
194066,Myanmar,MMR,17.18631,97.749931,"[17.18631, 97.749931]",Triangulation,Conflict,total,400,10/6/2025,9/29/2025,10/6/2025,2025,29140,Myanmar: Non-International armed conflict (NIAC) - Kayin State - 2025,,,1/1/2025,12/31/2025,,,Non-International armed conflict (NIAC),Non-International armed conflict (NIAC),,UNHCR Myanmar,,"Kayin State, Myanmar","17.18631, 97.749931",State/Region/Province (ADM1),Destination,Displacement without preventive evacuations reported,2025-10-09T10:05:41.059834Z,"Myanmar: 400 displacements, 29 September - 06 October. According to UNHCR Myanmar, a total of 400 people were displaced in Kayin State, Myanmar due to non-international armed conflict (niac) on 29 September UNHCR Myanmar - 06 October 2025",,Non-International armed conflict (NIAC)
194067,Myanmar,MMR,24.47151,95.465286,"[24.47151, 95.465286]",Triangulation,Conflict,total,200,10/6/2025,9/29/2025,10/6/2025,2025,29146,Myanmar: Non-International armed conflict (NIAC) - Sagaing Region - 2025,,,1/1/2025,12/31/2025,,,Non-International armed conflict (NIAC),Non-International armed conflict (NIAC),,UNHCR Myanmar,,"Sagaing, Myanmar","24.47151, 95.465286",State/Region/Province (ADM1),Destination,Displacement without preventive evacuations reported,2025-10-09T10:05:41.133590Z,"Myanmar: 200 displacements, 29 September - 06 October. Non-international armed conflict (niac) resulted in a total of 200 people being displaced in Sagaing, Myanmar on 29 September, according to UNHCR Myanmar. UNHCR Myanmar - 06 October 2025",,Non-International armed conflict (NIAC)
194008,Myanmar,MMR,20.78562,97.532921,"[20.78562, 97.532921]",Triangulation,Conflict,total,100,9/29/2025,9/22/2025,9/29/2025,2025,29138,Myanmar: Non-International armed conflict (NIAC) - Shan State (North & South) - 2025,,,1/1/2025,12/31/2025,,,Non-International armed conflict (NIAC),Non-International armed conflict (NIAC),,UNHCR Myanmar,,"South Shan State, Shan State, Myanmar","20.78562, 97.532921",District/Zone/Department (ADM2),Destination,Displacement without preventive evacuations reported,2025-10-09T09:04:52.062517Z,"Myanmar: 100 displacements, 22 September - 29 September. According to UNHCR Myanmar, a total of 100 people were displaced in South Shan State, Shan State, Myanmar due to non-international armed conflict (niac) on 22 September UNHCR Myanmar - 29 September 2025",,Non-International armed conflict (NIAC)
194009,Myanmar,MMR,12.27192,98.489594,"[12.27192, 98.489594]",Triangulation,Conflict,total,2100,9/29/2025,9/22/2025,9/29/2025,2025,29143,Myanmar: Non-International armed conflict (NIAC) - Tanintharyi Region - 2025,,,1/1/2025,12/31/2025,,,Non-International armed conflict (NIAC),Non-International armed conflict (NIAC),,UNHCR Myanmar,,"Tanintharyi Region, Myanmar","12.27192, 98.489594",State/Region/Province (ADM1),Destination,Displacement without preventive evacuations reported,2025-10-09T09:04:52.166255Z,"Myanmar: 2,100 displacements, 22 September - 29 September. According to UNHCR Myanmar, a total of 2100 people were displaced in Tanintharyi Region, Myanmar due to non-international armed conflict (niac) on 22 September UNHCR Myanmar - 29 September 2025",,Non-International armed conflict (NIAC)
194010,Myanmar,MMR,17.18631,97.749931,"[17.18631, 97.749931]",Triangulation,Conflict,total,100,9/29/2025,9/22/2025,9/29/2025,2025,29140,Myanmar: Non-International armed conflict (NIAC) - Kayin State - 2025,,,1/1/2025,12/31/2025,,,Non-International armed conflict (NIAC),Non-International armed conflict (NIAC),,UNHCR Myanmar,,"Kayin State, Myanmar","17.18631, 97.749931",State/Region/Province (ADM1),Destination,Displacement without preventive evacuations reported,2025-10-09T09:04:52.253277Z,"Myanmar: 100 displacements, 22 September - 29 September. Non-international armed conflict (niac) resulted in a total of 100 people being displaced in Kayin State, Myanmar on 22 September, according to UNHCR Myanmar. UNHCR Myanmar - 29 September 2025",,Non-International armed conflict (NIAC)
194011,Myanmar,MMR,19.40822,94.100594,"[19.40822, 94.100594]",Triangulation,Conflict,total,1100,9/29/2025,9/22/2025,9/29/2025,2025,29144,Myanmar: Non-International armed conflict (NIAC) - Rakhine State (Central & North) - 2025,,,1/1/2025,12/31/2025,,,Non-International armed conflict (NIAC),Non-International armed conflict (NIAC),,UNHCR Myanmar,,"Rakhine, Myanmar","19.40822, 94.100594",State/Region/Province (ADM1),Destination,Displacement without preventive evacuations reported,2025-10-09T09:04:52.322945Z,"Myanmar: 1,100 displacements, 22 September - 29 September. Non-international armed conflict (niac) resulted in a total of 1100 people being displaced in Rakhine, Myanmar on 22 September, according to UNHCR Myanmar. UNHCR Myanmar - 29 September 2025",,Non-International armed conflict (NIAC)
193469,Myanmar,MMR,19.28125,97.329178,"[19.28125, 97.329178]",Triangulation,Conflict,total,1400,9/22/2025,9/15/2025,9/22/2025,2025,29148,Myanmar: Non-International armed conflict (NIAC) - Kayah State - 2025,,,1/1/2025,12/31/2025,,,Non-International armed conflict (NIAC),Non-International armed conflict (NIAC),,UNHCR Myanmar,,"Kayah State, Myanmar","19.28125, 97.329178",State/Region/Province (ADM1),Destination,Displacement without preventive evacuations reported,2025-09-26T09:28:41.824681Z,"Myanmar: 1,400 displacements, 15 September - 22 September. According to UNHCR Myanmar, a total of 1400 people were displaced in Kayah State, Myanmar due to non-international armed conflict (niac) on 15 September UNHCR Myanmar - 22 September 2025",,Non-International armed conflict (NIAC)
193470,Myanmar,MMR,17.18631,97.749931,"[17.18631, 97.749931]",Triangulation,Conflict,total,100,9/22/2025,9/15/2025,9/22/2025,2025,29140,Myanmar: Non-International armed conflict (NIAC) - Kayin State - 2025,,,1/1/2025,12/31/2025,,,Non-International armed conflict (NIAC),Non-International armed conflict (NIAC),,UNHCR Myanmar,,"Kayin State, Myanmar","17.18631, 97.749931",State/Region/Province (ADM1),Destination,Displacement without preventive evacuations reported,2025-09-26T09:28:41.876202Z,"Myanmar: 100 displacements, 15 September - 22 September. Non-international armed conflict (niac) resulted in a total of 100 people being displaced in Kayin State, Myanmar on 15 September, according to UNHCR Myanmar. UNHCR Myanmar - 22 September 2025",,Non-International armed conflict (NIAC)
192904,Myanmar,MMR,22.820789,98.005898,"[22.820789, 98.005898]",Triangulation,Conflict,total,1000,9/15/2025,9/8/2025,9/15/2025,2025,29138,Myanmar: Non-International armed conflict (NIAC) - Shan State (North & South) - 2025,,,1/1/2025,12/31/2025,,,Non-International armed conflict (NIAC),Non-International armed conflict (NIAC),,UNHCR Myanmar,,"North Shan State, Shan State, Myanmar","22.820789, 98.005898",District/Zone/Department (ADM2),Destination,Displacement without preventive evacuations reported,2025-09-22T08:44:37.416911Z,"Myanmar: 1,000 displacements, 08 September - 15 September. According to UNHCR Myanmar, a total of 1000 people were displaced in North Shan State, Shan State, Myanmar due to non-international armed conflict (niac) on 8 September UNHCR Myanmar - 15 September 2025",,Non-International armed conflict (NIAC)
192905,Myanmar,MMR,17.08325,97.333733,"[17.08325, 97.333733]",Triangulation,Conflict,total,4100,9/15/2025,9/8/2025,9/15/2025,2025,29142,Myanmar: Non-International armed conflict (NIAC) - Mon State - 2025,,,1/1/2025,12/31/2025,,,Non-International armed conflict (NIAC),Non-International armed conflict (NIAC),,UNHCR Myanmar,,"Mon State, Myanmar","17.08325, 97.333733",State/Region/Province (ADM1),Destination,Displacement without preventive evacuations reported,2025-09-22T08:44:37.480433Z,"Myanmar: 4,100 displacements, 08 September - 15 September. A total of 4100 people were displaced due to non-international armed conflict (niac) on 8 September in Mon State, Myanmar, according to UNHCR Myanmar. UNHCR Myanmar - 15 September 2025",,Non-International armed conflict (NIAC)
192906,Myanmar,MMR,19.28125,97.329178,"[19.28125, 97.329178]",Triangulation,Conflict,total,100,9/15/2025,9/8/2025,9/15/2025,2025,29148,Myanmar: Non-International armed conflict (NIAC) - Kayah State - 2025,,,1/1/2025,12/31/2025,,,Non-International armed conflict (NIAC),Non-International armed conflict (NIAC),,UNHCR Myanmar,,"Kayah State, Myanmar","19.28125, 97.329178",State/Region/Province (ADM1),Destination,Displacement without preventive evacuations reported,2025-09-22T08:44:37.537677Z,"Myanmar: 100 displacements, 08 September - 15 September. A total of 100 people were displaced due to non-international armed conflict (niac) on 8 September in Kayah State, Myanmar, according to UNHCR Myanmar. UNHCR Myanmar - 15 September 2025",,Non-International armed conflict (NIAC)
192907,Myanmar,MMR,12.27192,98.489594,"[12.27192, 98.489594]",Triangulation,Conflict,total,100,9/15/2025,9/8/2025,9/15/2025,2025,29143,Myanmar: Non-International armed conflict (NIAC) - Tanintharyi Region - 2025,,,1/1/2025,12/31/2025,,,Non-International armed conflict (NIAC),Non-International armed conflict (NIAC),,UNHCR Myanmar,,"Tanintharyi Region, Myanmar","12.27192, 98.489594",State/Region/Province (ADM1),Destination,Displacement without preventive evacuations reported,2025-09-22T08:44:37.590989Z,"Myanmar: 100 displacements, 08 September - 15 September. Non-international armed conflict (niac) resulted in a total of 100 people being displaced in Tanintharyi Region, Myanmar on 8 September, according to UNHCR Myanmar. UNHCR Myanmar - 15 September 2025",,Non-International armed conflict (NIAC)
192908,Myanmar,MMR,17.18631,97.749931,"[17.18631, 97.749931]",Triangulation,Conflict,total,4100,9/15/2025,9/8/2025,9/15/2025,2025,29140,Myanmar: Non-International armed conflict (NIAC) - Kayin State - 2025,,,1/1/2025,12/31/2025,,,Non-International armed conflict (NIAC),Non-International armed conflict (NIAC),,UNHCR Myanmar,,"Kayin State, Myanmar","17.18631, 97.749931",State/Region/Province (ADM1),Destination,Displacement without preventive evacuations reported,2025-09-22T08:44:37.646680Z,"Myanmar: 4,100 displacements, 08 September - 15 September. Non-international armed conflict (niac) resulted in a total of 4100 people being displaced in Kayin State, Myanmar on 8 September, according to UNHCR Myanmar. UNHCR Myanmar - 15 September 2025",,Non-International armed conflict (NIAC)
192909,Myanmar,MMR,20.274799,94.736221,"[20.274799, 94.736221]",Triangulation,Conflict,total,200,9/15/2025,9/8/2025,9/15/2025,2025,29145,Myanmar: Non-International armed conflict (NIAC) - Magway Region - 2025,,,1/1/2025,12/31/2025,,,Non-International armed conflict (NIAC),Non-International armed conflict (NIAC),,UNHCR Myanmar,,"Magway Region, Myanmar","20.274799, 94.736221",State/Region/Province (ADM1),Destination,Displacement without preventive evacuations reported,2025-09-22T08:44:37.702233Z,"Myanmar: 200 displacements, 08 September - 15 September. Non-international armed conflict (niac) resulted in a total of 200 people being displaced in Magway Region, Myanmar on 8 September, according to UNHCR Myanmar. UNHCR Myanmar - 15 September 2025",,Non-International armed conflict (NIAC)
192910,Myanmar,MMR,24.47151,95.465286,"[24.47151, 95.465286]",Triangulation,Conflict,total,4000,9/15/2025,9/8/2025,9/15/2025,2025,29146,Myanmar: Non-International armed conflict (NIAC) - Sagaing Region - 2025,,,1/1/2025,12/31/2025,,,Non-International armed conflict (NIAC),Non-International armed conflict (NIAC),,UNHCR Myanmar,,"Sagaing, Myanmar","24.47151, 95.465286",State/Region/Province (ADM1),Destination,Displacement without preventive evacuations reported,2025-09-22T08:44:37.754689Z,"Myanmar: 4,000 displacements, 08 September - 15 September. According to UNHCR Myanmar, a total of 4000 people were displaced in Sagaing, Myanmar due to non-international armed conflict (niac) on 8 September UNHCR Myanmar - 15 September 2025",,Non-International armed conflict (NIAC)
192470,Myanmar,MMR,17.08325,97.333733,"[17.08325, 97.333733]",Triangulation,Conflict,total,700,9/8/2025,9/1/2025,9/8/2025,2025,29142,Myanmar: Non-International armed conflict (NIAC) - Mon State - 2025,,,1/1/2025,12/31/2025,,,Non-International armed conflict (NIAC),Non-International armed conflict (NIAC),,UNHCR Myanmar,,"Mon State, Myanmar","17.08325, 97.333733",State/Region/Province (ADM1),Destination,Displacement without preventive evacuations reported,2025-09-15T09:00:29.483369Z,"Myanmar: 700 displacements, 01 September - 08 September. According to UNHCR Myanmar, a total of 700 people were displaced in Mon State, Myanmar due to non-international armed conflict (niac) on 1 September UNHCR Myanmar - 08 September 2025",,Non-International armed conflict (NIAC)
192471,Myanmar,MMR,12.27192,98.489594,"[12.27192, 98.489594]",Triangulation,Conflict,total,4900,9/8/2025,9/1/2025,9/8/2025,2025,29143,Myanmar: Non-International armed conflict (NIAC) - Tanintharyi Region - 2025,,,1/1/2025,12/31/2025,,,Non-International armed conflict (NIAC),Non-International armed conflict (NIAC),,UNHCR Myanmar,,"Tanintharyi Region, Myanmar","12.27192, 98.489594",State/Region/Province (ADM1),Destination,Displacement without preventive evacuations reported,2025-09-15T09:00:29.537581Z,"Myanmar: 4,900 displacements, 01 September - 08 September. Non-international armed conflict (niac) resulted in a total of 4900 people being displaced in Tanintharyi Region, Myanmar on 1 September, according to UNHCR Myanmar. UNHCR Myanmar - 08 September 2025",,Non-International armed conflict (NIAC)
192472,Myanmar,MMR,26.020769,97.491928,"[26.020769, 97.491928]",Triangulation,Conflict,total,100,9/8/2025,9/1/2025,9/8/2025,2025,29147,Myanmar: Non-International armed conflict (NIAC) - Kachin State - 2025,,,1/1/2025,12/31/2025,,,Non-International armed conflict (NIAC),Non-International armed conflict (NIAC),,UNHCR Myanmar,,"Kachin State, Myanmar","26.020769, 97.491928",State/Region/Province (ADM1),Destination,Displacement without preventive evacuations reported,2025-09-15T09:00:29.588280Z,"Myanmar: 100 displacements, 01 September - 08 September. A total of 100 people were displaced due to non-international armed conflict (niac) on 1 September in Kachin State, Myanmar, according to UNHCR Myanmar. UNHCR Myanmar - 08 September 2025",,Non-International armed conflict (NIAC)
192473,Myanmar,MMR,17.18631,97.749931,"[17.18631, 97.749931]",Triangulation,Conflict,total,600,9/8/2025,9/1/2025,9/8/2025,2025,29140,Myanmar: Non-International armed conflict (NIAC) - Kayin State - 2025,,,1/1/2025,12/31/2025,,,Non-International armed conflict (NIAC),Non-International armed conflict (NIAC),,UNHCR Myanmar,,"Kayin State, Myanmar","17.18631, 97.749931",State/Region/Province (ADM1),Destination,Displacement without preventive evacuations reported,2025-09-15T09:00:29.634435Z,"Myanmar: 600 displacements, 01 September - 08 September. According to UNHCR Myanmar, a total of 600 people were displaced in Kayin State, Myanmar due to non-international armed conflict (niac) on 1 September UNHCR Myanmar - 08 September 2025",,Non-International armed conflict (NIAC)
191608,Myanmar,MMR,20.171619,96.141724,"[20.171619, 96.141724]",Recommended figure,Disaster,total,134,8/27/2025,8/27/2025,8/27/2025,2025,32888,Myanmar: Flood - Naypyidaw Union Territory (Tatkon Township) - 27/08/2025,,,8/27/2025,8/27/2025,Weather related,Hydrological,Flood,Flood,,Myanmar Fire Services Department (MFSD),,"Tatkon Township, Ottara District, Naypyitaw, Myanmar","20.171619, 96.141724",County/City/town/Village/Woreda (ADM3),Origin,Displacement without preventive evacuations reported,2025-09-08T13:28:39.991998Z,"Myanmar: 134 displacements (in relief camp), 27 August - 27 August. Flood resulted in a total of 134 people being in relief camp in Tatkon Township, Ottara District, Naypyitaw, Myanmar on 27 August, according to national/regional disaster authorities. Myanmar Fire Services Department (MFSD) - 28 August 2025",,Flood
191028,Myanmar,MMR,20.171619,96.141724,"[20.171619, 96.141724]",Recommended figure,Disaster,total,470,8/26/2025,8/26/2025,8/26/2025,2025,32742,"Philippines, China, Viet Nam, Myanmar: Typhoon Kajiki (locally Isang) - PHL (4 Regions), CHN (Hainan (Sanya)), VNM (9 Provinces), MMR (Naypyidaw (Tatkon Township)) - 22/08/2025",,,8/22/2025,8/26/2025,Weather related,Meteorological,Storm,Typhoon/Hurricane/Cyclone,,ADINet,,"Tatkon Township, Ottara District, Naypyitaw, Myanmar","20.171619, 96.141724",County/City/town/Village/Woreda (ADM3),Origin,Displacement without preventive evacuations reported,2025-09-01T13:05:38.302891Z,"Myanmar: 470 displacements (in relief camp), 26 August - 26 August. Typhoon Kajiki resulted in a total of 470 people being in relief camp in Tatkon Township, Ottara District, Naypyitaw, Myanmar on 26 August, according to civil society. ADINet - 26 August 2025",,Storm
191324,Myanmar,MMR,22.820789,98.005898,"[22.820789, 98.005898]",Triangulation,Conflict,total,1000,9/1/2025,8/25/2025,9/1/2025,2025,29138,Myanmar: Non-International armed conflict (NIAC) - Shan State (North & South) - 2025,,,1/1/2025,12/31/2025,,,Non-International armed conflict (NIAC),Non-International armed conflict (NIAC),,UNHCR Myanmar,,"North Shan State, Shan State, Myanmar","22.820789, 98.005898",District/Zone/Department (ADM2),Destination,Displacement without preventive evacuations reported,2025-09-04T14:33:30.087251Z,"Myanmar: 1,000 displacements, 25 August - 01 September. According to UNHCR Myanmar, a total of 1000 people were displaced in North Shan State, Shan State, Myanmar due to non-international armed conflict (niac) on 25 August UNHCR Myanmar - 01 September 2025",,Non-International armed conflict (NIAC)
191325,Myanmar,MMR,17.08325,97.333733,"[17.08325, 97.333733]",Triangulation,Conflict,total,200,9/1/2025,8/25/2025,9/1/2025,2025,29142,Myanmar: Non-International armed conflict (NIAC) - Mon State - 2025,,,1/1/2025,12/31/2025,,,Non-International armed conflict (NIAC),Non-International armed conflict (NIAC),,UNHCR Myanmar,,"Mon State, Myanmar","17.08325, 97.333733",State/Region/Province (ADM1),Destination,Displacement without preventive evacuations reported,2025-09-04T14:33:30.162628Z,"Myanmar: 200 displacements, 25 August - 01 September. According to UNHCR Myanmar, a total of 200 people were displaced in Mon State, Myanmar due to non-international armed conflict (niac) on 25 August UNHCR Myanmar - 01 September 2025",,Non-International armed conflict (NIAC)
191326,Myanmar,MMR,20.78562,97.532921,"[20.78562, 97.532921]",Triangulation,Conflict,total,1200,9/1/2025,8/25/2025,9/1/2025,2025,29138,Myanmar: Non-International armed conflict (NIAC) - Shan State (North & South) - 2025,,,1/1/2025,12/31/2025,,,Non-International armed conflict (NIAC),Non-International armed conflict (NIAC),,UNHCR Myanmar,,"South Shan State, Shan State, Myanmar","20.78562, 97.532921",District/Zone/Department (ADM2),Destination,Displacement without preventive evacuations reported,2025-09-04T14:33:30.226228Z,"Myanmar: 1,200 displacements, 25 August - 01 September. Non-international armed conflict (niac) resulted in a total of 1200 people being displaced in South Shan State, Shan State, Myanmar on 25 August, according to UNHCR Myanmar. UNHCR Myanmar - 01 September 2025",,Non-International armed conflict (NIAC)
191327,Myanmar,MMR,12.27192,98.489594,"[12.27192, 98.489594]",Triangulation,Conflict,total,800,9/1/2025,8/25/2025,9/1/2025,2025,29143,Myanmar: Non-International armed conflict (NIAC) - Tanintharyi Region - 2025,,,1/1/2025,12/31/2025,,,Non-International armed conflict (NIAC),Non-International armed conflict (NIAC),,UNHCR Myanmar,,"Tanintharyi Region, Myanmar","12.27192, 98.489594",State/Region/Province (ADM1),Destination,Displacement without preventive evacuations reported,2025-09-04T14:33:30.298172Z,"Myanmar: 800 displacements, 25 August - 01 September. According to UNHCR Myanmar, a total of 800 people were displaced in Tanintharyi Region, Myanmar due to non-international armed conflict (niac) on 25 August UNHCR Myanmar - 01 September 2025",,Non-International armed conflict (NIAC)
191328,Myanmar,MMR,17.18631,97.749931,"[17.18631, 97.749931]",Triangulation,Conflict,total,100,9/1/2025,8/25/2025,9/1/2025,2025,29140,Myanmar: Non-International armed conflict (NIAC) - Kayin State - 2025,,,1/1/2025,12/31/2025,,,Non-International armed conflict (NIAC),Non-International armed conflict (NIAC),,UNHCR Myanmar,,"Kayin State, Myanmar","17.18631, 97.749931",State/Region/Province (ADM1),Destination,Displacement without preventive evacuations reported,2025-09-04T14:33:30.359688Z,"Myanmar: 100 displacements, 25 August - 01 September. Non-international armed conflict (niac) resulted in a total of 100 people being displaced in Kayin State, Myanmar on 25 August, according to UNHCR Myanmar. UNHCR Myanmar - 01 September 2025",,Non-International armed conflict (NIAC)
191329,Myanmar,MMR,19.40822,94.100594,"[19.40822, 94.100594]",Triangulation,Conflict,total,1000,9/1/2025,8/25/2025,9/1/2025,2025,29144,Myanmar: Non-International armed conflict (NIAC) - Rakhine State (Central & North) - 2025,,,1/1/2025,12/31/2025,,,Non-International armed conflict (NIAC),Non-International armed conflict (NIAC),,UNHCR Myanmar,,"Rakhine, Myanmar","19.40822, 94.100594",State/Region/Province (ADM1),Destination,Displacement without preventive evacuations reported,2025-09-04T14:33:30.429372Z,"Myanmar: 1,000 displacements, 25 August - 01 September. Non-international armed conflict (niac) resulted in a total of 1000 people being displaced in Rakhine Central, Myanmar on 25 August, according to UNHCR Myanmar. UNHCR Myanmar - 01 September 2025",,Non-International armed conflict (NIAC)
191330,Myanmar,MMR,24.47151,95.465286,"[24.47151, 95.465286]",Triangulation,Conflict,total,2800,9/1/2025,8/25/2025,9/1/2025,2025,29146,Myanmar: Non-International armed conflict (NIAC) - Sagaing Region - 2025,,,1/1/2025,12/31/2025,,,Non-International armed conflict (NIAC),Non-International armed conflict (NIAC),,UNHCR Myanmar,,"Sagaing, Myanmar","24.47151, 95.465286",State/Region/Province (ADM1),Destination,Displacement without preventive evacuations reported,2025-09-04T14:33:30.492491Z,"Myanmar: 2,800 displacements, 25 August - 01 September. A total of 2800 people were displaced due to non-international armed conflict (niac) on 25 August in Sagaing, Myanmar, according to UNHCR Myanmar. UNHCR Myanmar - 01 September 2025",,Non-International armed conflict (NIAC)
191208,Myanmar,MMR,22.820789,98.005898,"[22.820789, 98.005898]",Triangulation,Conflict,total,7300,8/25/2025,8/18/2025,8/25/2025,2025,29138,Myanmar: Non-International armed conflict (NIAC) - Shan State (North & South) - 2025,,,1/1/2025,12/31/2025,,,Non-International armed conflict (NIAC),Non-International armed conflict (NIAC),,UNHCR Myanmar,,"North Shan State, Shan State, Myanmar","22.820789, 98.005898",District/Zone/Department (ADM2),Destination,Displacement without preventive evacuations reported,2025-09-03T12:32:20.681941Z,"Myanmar: 7,300 displacements, 18 August - 25 August. Non-international armed conflict (niac) resulted in a total of 7300 people being displaced in North Shan State, Shan State, Myanmar on 18 August, according to UNHCR Myanmar. UNHCR Myanmar - 25 August 2025",,Non-International armed conflict (NIAC)
191209,Myanmar,MMR,12.27192,98.489594,"[12.27192, 98.489594]",Triangulation,Conflict,total,6300,8/25/2025,8/18/2025,8/25/2025,2025,29143,Myanmar: Non-International armed conflict (NIAC) - Tanintharyi Region - 2025,,,1/1/2025,12/31/2025,,,Non-International armed conflict (NIAC),Non-International armed conflict (NIAC),,UNHCR Myanmar,,"Tanintharyi Region, Myanmar","12.27192, 98.489594",State/Region/Province (ADM1),Destination,Displacement without preventive evacuations reported,2025-09-03T12:32:20.743363Z,"Myanmar: 6,300 displacements, 18 August - 25 August. A total of 6300 people were displaced due to non-international armed conflict (niac) on 18 August in Tanintharyi Region, Myanmar, according to UNHCR Myanmar. UNHCR Myanmar - 25 August 2025",,Non-International armed conflict (NIAC)
191210,Myanmar,MMR,26.020769,97.491928,"[26.020769, 97.491928]",Triangulation,Conflict,total,1000,8/25/2025,8/18/2025,8/25/2025,2025,29147,Myanmar: Non-International armed conflict (NIAC) - Kachin State - 2025,,,1/1/2025,12/31/2025,,,Non-International armed conflict (NIAC),Non-International armed conflict (NIAC),,UNHCR Myanmar,,"Kachin State, Myanmar","26.020769, 97.491928",State/Region/Province (ADM1),Destination,Displacement without preventive evacuations reported,2025-09-03T12:32:20.798352Z,"Myanmar: 1,000 displacements, 18 August - 25 August. A total of 1000 people were displaced due to non-international armed conflict (niac) on 18 August in Kachin State, Myanmar, according to UNHCR Myanmar. UNHCR Myanmar - 25 August 2025",,Non-International armed conflict (NIAC)
191211,Myanmar,MMR,24.47151,95.465286,"[24.47151, 95.465286]",Triangulation,Conflict,total,2500,8/25/2025,8/18/2025,8/25/2025,2025,29146,Myanmar: Non-International armed conflict (NIAC) - Sagaing Region - 2025,,,1/1/2025,12/31/2025,,,Non-International armed conflict (NIAC),Non-International armed conflict (NIAC),,UNHCR Myanmar,,"Sagaing, Myanmar","24.47151, 95.465286",State/Region/Province (ADM1),Destination,Displacement without preventive evacuations reported,2025-09-03T12:32:20.855129Z,"Myanmar: 2,500 displacements, 18 August - 25 August. According to UNHCR Myanmar, a total of 2500 people were displaced in Sagaing, Myanmar due to non-international armed conflict (niac) on 18 August UNHCR Myanmar - 25 August 2025",,Non-International armed conflict (NIAC)
190580,Myanmar,MMR,22.820789,98.005898,"[22.820789, 98.005898]",Triangulation,Conflict,total,300,8/18/2025,8/11/2025,8/18/2025,2025,29138,Myanmar: Non-International armed conflict (NIAC) - Shan State (North & South) - 2025,,,1/1/2025,12/31/2025,,,Non-International armed conflict (NIAC),Non-International armed conflict (NIAC),,UNHCR Myanmar,,"North Shan State, Shan State, Myanmar","22.820789, 98.005898",District/Zone/Department (ADM2),Destination,Displacement without preventive evacuations reported,2025-08-21T15:28:54.665009Z,"Myanmar: 300 displacements, 11 August - 18 August. According to UNHCR Myanmar, a total of 300 people were displaced in North Shan State, Shan State, Myanmar due to non-international armed conflict (niac) on 11 August UNHCR Myanmar - 18 August 2025",,Non-International armed conflict (NIAC)
190581,Myanmar,MMR,12.27192,98.489594,"[12.27192, 98.489594]",Triangulation,Conflict,total,4000,8/18/2025,8/11/2025,8/18/2025,2025,29143,Myanmar: Non-International armed conflict (NIAC) - Tanintharyi Region - 2025,,,1/1/2025,12/31/2025,,,Non-International armed conflict (NIAC),Non-International armed conflict (NIAC),,UNHCR Myanmar,,"Tanintharyi Region, Myanmar","12.27192, 98.489594",State/Region/Province (ADM1),Destination,Displacement without preventive evacuations reported,2025-08-21T15:28:54.739319Z,"Myanmar: 4,000 displacements, 11 August - 18 August. Non-international armed conflict (niac) resulted in a total of 4000 people being displaced in Tanintharyi Region, Myanmar on 11 August, according to UNHCR Myanmar. UNHCR Myanmar - 18 August 2025",,Non-International armed conflict (NIAC)
190582,Myanmar,MMR,18.159109,96.65007,"[18.159109, 96.65007]",Triangulation,Conflict,total,800,8/18/2025,8/11/2025,8/18/2025,2025,29141,Myanmar: Non-International armed conflict (NIAC) - Bago Region (East & West) - 2025,,,1/1/2025,12/31/2025,,,Non-International armed conflict (NIAC),Non-International armed conflict (NIAC),,UNHCR Myanmar,,"East Bago Region, Bago Region, Myanmar","18.159109, 96.65007",District/Zone/Department (ADM2),Destination,Displacement without preventive evacuations reported,2025-08-21T15:28:54.799952Z,"Myanmar: 800 displacements, 11 August - 18 August. A total of 800 people were displaced due to non-international armed conflict (niac) on 11 August in East Bago Region, Bago Region, Myanmar, according to UNHCR Myanmar. UNHCR Myanmar - 18 August 2025",,Non-International armed conflict (NIAC)
190583,Myanmar,MMR,24.47151,95.465286,"[24.47151, 95.465286]",Triangulation,Conflict,total,8100,8/18/2025,8/11/2025,8/18/2025,2025,29146,Myanmar: Non-International armed conflict (NIAC) - Sagaing Region - 2025,,,1/1/2025,12/31/2025,,,Non-International armed conflict (NIAC),Non-International armed conflict (NIAC),,UNHCR Myanmar,,"Sagaing, Myanmar","24.47151, 95.465286",State/Region/Province (ADM1),Destination,Displacement without preventive evacuations reported,2025-08-21T15:28:54.858940Z,"Myanmar: 8,100 displacements, 11 August - 18 August. According to UNHCR Myanmar, a total of 8100 people were displaced in Sagaing, Myanmar due to non-international armed conflict (niac) on 11 August UNHCR Myanmar - 18 August 2025",,Non-International armed conflict (NIAC)
190132,Myanmar,MMR,20.78562,97.532921,"[20.78562, 97.532921]",Triangulation,Conflict,total,400,8/11/2025,8/4/2025,8/11/2025,2025,29138,Myanmar: Non-International armed conflict (NIAC) - Shan State (North & South) - 2025,,,1/1/2025,12/31/2025,,,Non-International armed conflict (NIAC),Non-International armed conflict (NIAC),,UNHCR Myanmar,,"South Shan State, Shan State, Myanmar","20.78562, 97.532921",District/Zone/Department (ADM2),Destination,Displacement without preventive evacuations reported,2025-08-19T14:20:32.554471Z,"Myanmar: 400 displacements, 04 August - 11 August. According to UNHCR Myanmar, a total of 400 people were displaced in South Shan State, Shan State, Myanmar due to non-international armed conflict (niac) on 4 August UNHCR Myanmar - 11 August 2025",,Non-International armed conflict (NIAC)
189772,Myanmar,MMR,26.020769,97.491928,"[26.020769, 97.491928]",Recommended figure,Disaster,more than or equal to,2300,8/3/2025,8/3/2025,8/3/2025,2025,32521,Myanmar: Flood - Kachin - 03/08/2025,,,8/3/2025,8/3/2025,Weather related,Hydrological,Flood,Flood,,Office for the Coordination of Humanitarian Affairs (OCHA),,"Kachin State, Myanmar","26.020769, 97.491928",State/Region/Province (ADM1),Origin,Displacement without preventive evacuations reported,2025-08-14T08:27:58.081824Z,"Myanmar: 2,300 displacements (evacuated), 03 August - 03 August. Flood resulted in more than 2300 people being evacuated in Kachin State, Myanmar on 3 August, according to Office for the Coordination of Humanitarian Affairs (OCHA). Office for the Coordination of Humanitarian Affairs (OCHA) - 14 August 2025",,Flood
189467,Myanmar,MMR,22.820789,98.005898,"[22.820789, 98.005898]",Triangulation,Conflict,total,600,8/4/2025,7/28/2025,8/4/2025,2025,29138,Myanmar: Non-International armed conflict (NIAC) - Shan State (North & South) - 2025,,,1/1/2025,12/31/2025,,,Non-International armed conflict (NIAC),Non-International armed conflict (NIAC),,UNHCR Myanmar,,"North Shan State, Shan State, Myanmar","22.820789, 98.005898",District/Zone/Department (ADM2),Destination,Displacement without preventive evacuations reported,2025-08-11T11:35:26.420900Z,"Myanmar: 600 displacements, 28 July - 04 August. According to UNHCR Myanmar, a total of 600 people were displaced in North Shan State, Shan State, Myanmar due to non-international armed conflict (niac) on 28 July UNHCR Myanmar - 04 August 2025",,Non-International armed conflict (NIAC)
189468,Myanmar,MMR,19.28125,97.329178,"[19.28125, 97.329178]",Triangulation,Conflict,total,1600,8/4/2025,7/28/2025,8/4/2025,2025,29148,Myanmar: Non-International armed conflict (NIAC) - Kayah State - 2025,,,1/1/2025,12/31/2025,,,Non-International armed conflict (NIAC),Non-International armed conflict (NIAC),,UNHCR Myanmar,,"Kayah State, Myanmar","19.28125, 97.329178",State/Region/Province (ADM1),Destination,Displacement without preventive evacuations reported,2025-08-11T11:35:26.475035Z,"Myanmar: 1,600 displacements, 28 July - 04 August. Non-international armed conflict (niac) resulted in a total of 1600 people being displaced in Kayah State, Myanmar on 28 July, according to UNHCR Myanmar. UNHCR Myanmar - 04 August 2025",,Non-International armed conflict (NIAC)
189469,Myanmar,MMR,12.27192,98.489594,"[12.27192, 98.489594]",Triangulation,Conflict,total,3400,8/4/2025,7/28/2025,8/4/2025,2025,29143,Myanmar: Non-International armed conflict (NIAC) - Tanintharyi Region - 2025,,,1/1/2025,12/31/2025,,,Non-International armed conflict (NIAC),Non-International armed conflict (NIAC),,UNHCR Myanmar,,"Tanintharyi Region, Myanmar","12.27192, 98.489594",State/Region/Province (ADM1),Destination,Displacement without preventive evacuations reported,2025-08-11T11:35:26.522873Z,"Myanmar: 3,400 displacements, 28 July - 04 August. Non-international armed conflict (niac) resulted in a total of 3400 people being displaced in Tanintharyi Region, Myanmar on 28 July, according to UNHCR Myanmar. UNHCR Myanmar - 04 August 2025",,Non-International armed conflict (NIAC)
189470,Myanmar,MMR,17.18631,97.749931,"[17.18631, 97.749931]",Triangulation,Conflict,total,100,8/4/2025,7/28/2025,8/4/2025,2025,29140,Myanmar: Non-International armed conflict (NIAC) - Kayin State - 2025,,,1/1/2025,12/31/2025,,,Non-International armed conflict (NIAC),Non-International armed conflict (NIAC),,UNHCR Myanmar,,"Kayin State, Myanmar","17.18631, 97.749931",State/Region/Province (ADM1),Destination,Displacement without preventive evacuations reported,2025-08-11T11:35:26.571585Z,"Myanmar: 100 displacements, 28 July - 04 August. Non-international armed conflict (niac) resulted in a total of 100 people being displaced in Kayin State, Myanmar on 28 July, according to UNHCR Myanmar. UNHCR Myanmar - 04 August 2025",,Non-International armed conflict (NIAC)
189471,Myanmar,MMR,24.47151,95.465286,"[24.47151, 95.465286]",Triangulation,Conflict,total,100,8/4/2025,7/28/2025,8/4/2025,2025,29146,Myanmar: Non-International armed conflict (NIAC) - Sagaing Region - 2025,,,1/1/2025,12/31/2025,,,Non-International armed conflict (NIAC),Non-International armed conflict (NIAC),,UNHCR Myanmar,,"Sagaing, Myanmar","24.47151, 95.465286",State/Region/Province (ADM1),Destination,Displacement without preventive evacuations reported,2025-08-11T11:35:26.620609Z,"Myanmar: 100 displacements, 28 July - 04 August. Non-international armed conflict (niac) resulted in a total of 100 people being displaced in Sagaing, Myanmar on 28 July, according to UNHCR Myanmar. UNHCR Myanmar - 04 August 2025",,Non-International armed conflict (NIAC)
191680,Myanmar,MMR,16.98023,97.307602,"[16.98023, 97.307602]",Recommended figure,Disaster,total,498,8/7/2025,7/27/2025,8/7/2025,2025,32918,Myanmar: Flood - Mon State (Thaton Township) - 27/07/2025,,,7/27/2025,7/30/2025,Weather related,Hydrological,Flood,Flood,,Department of Disaster Management (DDM),,"Thaton, Thaton, Mon, Myanmar","16.98023, 97.307602",County/City/town/Village/Woreda (ADM3),Origin,Displacement without preventive evacuations reported,2025-09-08T15:20:54.181308Z,"Myanmar: 498 displacements (in relief camp), 27 July - 07 August. A total of 498 people were in relief camp due to flood on 27 July in Thaton, Thaton, Mon, Myanmar, according to national/regional disaster authorities. Ministry of Social Welfare, Relief and Resettlement (MOSWRR) - 07 August 2025",,Flood
191627,Myanmar,MMR,17.26078,97.904732,"[17.26078, 97.904732]",Recommended figure,Disaster,total,273,7/26/2025,7/26/2025,7/26/2025,2025,32895,Myanmar: Flood - Kayin State (Hlaingbwe Township) - 26/07/2025,,,7/26/2025,7/26/2025,Weather related,Hydrological,Flood,Flood,,Myanmar Fire Services Department (MFSD),,"Hlaingbwe Township, Hpa-An District, Kayin, Myanmar","17.26078, 97.904732",County/City/town/Village/Woreda (ADM3),Origin,Displacement without preventive evacuations reported,2025-09-08T13:41:43.115671Z,"Myanmar: 273 displacements (in relief camp), 26 July - 26 July. According to national/regional disaster authorities, a total of 273 people were in relief camp in Hlaingbwe Township, Hpa-An District, Kayin, Myanmar due to flood on 26 July Myanmar Fire Services Department (MFSD) - 27 July 2025",,Flood
191683,Myanmar,MMR,16.87723,96.582848,"[16.87723, 96.582848]",Recommended figure,Disaster,total,8,7/26/2025,7/26/2025,7/26/2025,2025,32920,Myanmar: Tornado - Yangon Region (Kayan Township) - 26/07/2025,,,7/26/2025,7/26/2025,Weather related,Meteorological,Storm,Tornado,,Department of Disaster Management (DDM),,"Kayan, Yangon, Myanmar","16.87723, 96.582848",County/City/town/Village/Woreda (ADM3),Origin,,2025-09-08T15:31:01.963144Z,"Myanmar: 8 displacements (destroyed housing), 26 July - 26 July. Tornado resulted in a total of 2 households being displaced due to destroyed housing in Kayan, Yangon, Myanmar on 26 July, according to national/regional disaster authorities. Ministry of Social Welfare, Relief and Resettlement (MOSWRR) - 31 July 2025",,Storm
191781,Myanmar,MMR,16.602289,96.454224,"[16.602289, 96.454224]",Recommended figure,Disaster,total,8,7/26/2025,7/26/2025,7/26/2025,2025,32948,Myanmar: Tornado - Yangon Region (Kyauktan Township) - 26/07/2025,,,7/26/2025,7/26/2025,Weather related,Meteorological,Storm,Tornado,,Department of Disaster Management (DDM),,"Kyauktan, Yangon, Myanmar","16.602289, 96.454224",County/City/town/Village/Woreda (ADM3),Origin,,2025-09-09T15:19:01.165709Z,"Myanmar: 8 displacements (destroyed housing), 26 July - 26 July. According to national/regional disaster authorities, a total of 2 households were displaced due to destroyed housing in Kyauktan, Yangon, Myanmar due to tornado on 26 July Ministry of Social Welfare, Relief and Resettlement (MOSWRR) - 30 July 2025",,Storm
191631,Myanmar,MMR,17.26078,97.904732,"[17.26078, 97.904732]",Recommended figure,Disaster,total,73,7/25/2025,7/25/2025,7/25/2025,2025,32897,Myanmar: Flood - Kayin State (Hlaingbwe Township) - 25/07/2025,,,7/25/2025,7/25/2025,Weather related,Hydrological,Flood,Flood,,Myanmar Fire Services Department (MFSD),,"Hlaingbwe Township, Hpa-An District, Kayin, Myanmar","17.26078, 97.904732",County/City/town/Village/Woreda (ADM3),Origin,Displacement without preventive evacuations reported,2025-09-08T13:50:25.096853Z,"Myanmar: 73 displacements (in relief camp), 25 July - 25 July. Flood resulted in a total of 73 people being in relief camp in Hlaingbwe Township, Hpa-An District, Kayin, Myanmar on 25 July, according to national/regional disaster authorities. Myanmar Fire Services Department (MFSD) - 26 July 2025",,Flood
191783,Myanmar,MMR,16.602289,96.454224,"[16.602289, 96.454224]",Recommended figure,Disaster,total,21,7/25/2025,7/25/2025,7/25/2025,2025,32949,Myanmar: Tornado - Yangon Region (Kyauktan Township) - 25/07/2025,,,7/25/2025,7/25/2025,Weather related,Meteorological,Storm,Tornado,,Department of Disaster Management (DDM),,"Kyauktan, Yangon, Myanmar","16.602289, 96.454224",County/City/town/Village/Woreda (ADM3),Origin,,2025-09-09T15:28:11.047061Z,"Myanmar: 21 displacements (destroyed housing), 25 July - 25 July. Tornado resulted in a total of 5 households being displaced due to destroyed housing in Kyauktan, Yangon, Myanmar on 25 July, according to national/regional disaster authorities. Ministry of Social Welfare, Relief and Resettlement (MOSWRR) - 30 July 2025",,Storm
191785,Myanmar,MMR,16.619289,97.456253,"[16.619289, 97.456253]",Recommended figure,Disaster,total,329,7/25/2025,7/24/2025,7/25/2025,2025,32950,Myanmar: Storm - Mon State (Paung Township) - 24/07/2025,,,7/24/2025,7/25/2025,Weather related,Meteorological,Storm,Storm,,Department of Disaster Management (DDM),,"Paung, Thaton, Mon, Myanmar","16.619289, 97.456253",County/City/town/Village/Woreda (ADM3),Origin,,2025-09-09T15:38:35.176260Z,"Myanmar: 329 displacements (destroyed housing), 24 July - 25 July. According to national/regional disaster authorities, a total of 78 households were displaced due to destroyed housing in Paung, Thaton, Mon, Myanmar due to storm on 24 July Department of Disaster Management (DDM) - 28 July 2025",,Storm
191640,Myanmar,MMR,17.855841,97.019302,"[17.855841, 97.019302]",Recommended figure,Disaster,total,100,7/24/2025,7/24/2025,7/24/2025,2025,32898,Myanmar: Flood - Bago Region (Shwegyin Township) - 24/07/2025,,,7/24/2025,7/24/2025,Weather related,Hydrological,Flood,Flood,,Myanmar Fire Services Department (MFSD),,"Shwegyin Township, Bago District, East Bago Region, Bago Region, Myanmar","17.855841, 97.019302",County/City/town/Village/Woreda (ADM3),Origin,Displacement without preventive evacuations reported,2025-09-08T13:58:47.268530Z,"Myanmar: 100 displacements (in relief camp), 24 July - 24 July. According to national/regional disaster authorities, a total of 100 people were in relief camp in Shwegyin Township, Bago District, East Bago Region, Bago Region, Myanmar due to flood on 24 July Myanmar Fire Services Department (MFSD) - 25 July 2025",,Flood
191644,Myanmar,MMR,16.56502,98.494492,"[16.56502, 98.494492]",Recommended figure,Disaster,total,3281,7/24/2025,7/24/2025,7/24/2025,2025,32901,Myanmar: Flood - Kayin State (Myawaddy Township) - 24/07/2025,,,7/24/2025,7/24/2025,Weather related,Hydrological,Flood,Flood,,Myanmar Fire Services Department (MFSD),,"Myawaddy Township, Myawaddy District, Kayin, Myanmar","16.56502, 98.494492",County/City/town/Village/Woreda (ADM3),Origin,Displacement without preventive evacuations reported,2025-09-08T14:09:11.204867Z,"Myanmar: 3,281 displacements (in relief camp), 24 July - 24 July. According to national/regional disaster authorities, a total of 3281 people were in relief camp in Myawaddy Township, Myawaddy District, Kayin, Myanmar due to flood on 24 July Myanmar Fire Services Department (MFSD) - 25 July 2025",,Flood
188944,Myanmar,MMR,22.820789,98.005898,"[22.820789, 98.005898]",Triangulation,Conflict,total,100,7/28/2025,7/21/2025,7/28/2025,2025,29138,Myanmar: Non-International armed conflict (NIAC) - Shan State (North & South) - 2025,,,1/1/2025,12/31/2025,,,Non-International armed conflict (NIAC),Non-International armed conflict (NIAC),,UNHCR Myanmar,,"North Shan State, Shan State, Myanmar","22.820789, 98.005898",District/Zone/Department (ADM2),Destination,Displacement without preventive evacuations reported,2025-08-04T09:33:08.083327Z,"Myanmar: 100 displacements, 21 July - 28 July. According to UNHCR Myanmar, a total of 100 people were displaced in North Shan State, Shan State, Myanmar due to non-international armed conflict (niac) on 21 July UNHCR Myanmar - 28 July 2025",,Non-International armed conflict (NIAC)
188945,Myanmar,MMR,12.27192,98.489594,"[12.27192, 98.489594]",Triangulation,Conflict,total,1400,7/28/2025,7/21/2025,7/28/2025,2025,29143,Myanmar: Non-International armed conflict (NIAC) - Tanintharyi Region - 2025,,,1/1/2025,12/31/2025,,,Non-International armed conflict (NIAC),Non-International armed conflict (NIAC),,UNHCR Myanmar,,"Tanintharyi Region, Myanmar","12.27192, 98.489594",State/Region/Province (ADM1),Destination,Displacement without preventive evacuations reported,2025-08-04T09:33:08.146337Z,"Myanmar: 1,400 displacements, 21 July - 28 July. A total of 1400 people were displaced due to non-international armed conflict (niac) on 21 July in Tanintharyi Region, Myanmar, according to UNHCR Myanmar. UNHCR Myanmar - 28 July 2025",,Non-International armed conflict (NIAC)
188946,Myanmar,MMR,26.020769,97.491928,"[26.020769, 97.491928]",Triangulation,Conflict,total,2200,7/28/2025,7/21/2025,7/28/2025,2025,29147,Myanmar: Non-International armed conflict (NIAC) - Kachin State - 2025,,,1/1/2025,12/31/2025,,,Non-International armed conflict (NIAC),Non-International armed conflict (NIAC),,UNHCR Myanmar,,"Kachin State, Myanmar","26.020769, 97.491928",State/Region/Province (ADM1),Destination,Displacement without preventive evacuations reported,2025-08-04T09:33:08.198614Z,"Myanmar: 2,200 displacements, 21 July - 28 July. According to UNHCR Myanmar, a total of 2200 people were displaced in Kachin State, Myanmar due to non-international armed conflict (niac) on 21 July UNHCR Myanmar - 28 July 2025",,Non-International armed conflict (NIAC)
189769,Myanmar,MMR,18.5393825,97.4391385,"[18.5393825, 97.4391385]",Recommended figure,Disaster,total,60000,7/21/2025,7/21/2025,7/21/2025,2025,32202,"PHL, TWN, VNM, HKG, MAC, CHN, MMR, JPN: TC Wipha (Crising), Francisco (Dante), Co-may (Emong) - PHL (18 Regions), TWN (Hualien), VNM (6 Provinces), HKG (Countrywide), MAC (Countrywide), CHN (Guangdong, Shanghai), MMR (4 Regions), JPN (Okinawa) - 15/07/2025",AHA-TC-2025-001046-MMR,Government Assigned Identifier,7/15/2025,7/26/2025,Weather related,Meteorological,Storm,Typhoon/Hurricane/Cyclone,,ADINet,,"Bago Region, Myanmar; Kayin State, Myanmar; Mon State, Myanmar; Shan State, Myanmar","18.158951, 96.293701; 17.18631, 97.749931; 17.08325, 97.333733; 21.729019, 98.379189",State/Region/Province (ADM1); State/Region/Province (ADM1); State/Region/Province (ADM1); State/Region/Province (ADM1),Origin; Origin; Origin; Origin,Displacement without preventive evacuations reported,2025-08-14T08:16:11.361836Z,"Myanmar: 60,000 displacements, 21 July - 21 July. Typhoon Wipha resulted in a total of 60000 people being displaced in Kayin State, Mon State, Shan State, Bago Region, Myanmar on 21 July, according to civil society. ADINet - 21 July 2025",,Storm
188921,Myanmar,MMR,22.820789,98.005898,"[22.820789, 98.005898]",Triangulation,Conflict,total,100,7/21/2025,7/14/2025,7/21/2025,2025,29138,Myanmar: Non-International armed conflict (NIAC) - Shan State (North & South) - 2025,,,1/1/2025,12/31/2025,,,Non-International armed conflict (NIAC),Non-International armed conflict (NIAC),,UNHCR Myanmar,,"North Shan State, Shan State, Myanmar","22.820789, 98.005898",District/Zone/Department (ADM2),Destination,Displacement without preventive evacuations reported,2025-08-04T08:41:30.649367Z,"Myanmar: 100 displacements, 14 July - 21 July. Non-international armed conflict (niac) resulted in a total of 100 people being displaced in North Shan State, Shan State, Myanmar on 14 July, according to UNHCR Myanmar. UNHCR Myanmar - 21 July 2025",,Non-International armed conflict (NIAC)
188922,Myanmar,MMR,20.78562,97.532921,"[20.78562, 97.532921]",Triangulation,Conflict,total,900,7/21/2025,7/14/2025,7/21/2025,2025,29138,Myanmar: Non-International armed conflict (NIAC) - Shan State (North & South) - 2025,,,1/1/2025,12/31/2025,,,Non-International armed conflict (NIAC),Non-International armed conflict (NIAC),,UNHCR Myanmar,,"South Shan State, Shan State, Myanmar","20.78562, 97.532921",District/Zone/Department (ADM2),Destination,Displacement without preventive evacuations reported,2025-08-04T08:41:30.718303Z,"Myanmar: 900 displacements, 14 July - 21 July. Non-international armed conflict (niac) resulted in a total of 900 people being displaced in South Shan State, Shan State, Myanmar on 14 July, according to UNHCR Myanmar. UNHCR Myanmar - 21 July 2025",,Non-International armed conflict (NIAC)
188923,Myanmar,MMR,26.020769,97.491928,"[26.020769, 97.491928]",Triangulation,Conflict,total,22300,7/21/2025,7/14/2025,7/21/2025,2025,29147,Myanmar: Non-International armed conflict (NIAC) - Kachin State - 2025,,,1/1/2025,12/31/2025,,,Non-International armed conflict (NIAC),Non-International armed conflict (NIAC),,UNHCR Myanmar,,"Kachin State, Myanmar","26.020769, 97.491928",State/Region/Province (ADM1),Destination,Displacement without preventive evacuations reported,2025-08-04T08:41:30.772876Z,"Myanmar: 22,300 displacements, 14 July - 21 July. A total of 22300 people were displaced due to non-international armed conflict (niac) on 14 July in Kachin State, Myanmar, according to UNHCR Myanmar. UNHCR Myanmar - 21 July 2025",,Non-International armed conflict (NIAC)
188924,Myanmar,MMR,17.18631,97.749931,"[17.18631, 97.749931]",Triangulation,Conflict,total,100,7/21/2025,7/14/2025,7/21/2025,2025,29140,Myanmar: Non-International armed conflict (NIAC) - Kayin State - 2025,,,1/1/2025,12/31/2025,,,Non-International armed conflict (NIAC),Non-International armed conflict (NIAC),,UNHCR Myanmar,,"Kayin State, Myanmar","17.18631, 97.749931",State/Region/Province (ADM1),Destination,Displacement without preventive evacuations reported,2025-08-04T08:41:30.840248Z,"Myanmar: 100 displacements, 14 July - 21 July. According to UNHCR Myanmar, a total of 100 people were displaced in Kayin State, Myanmar due to non-international armed conflict (niac) on 14 July UNHCR Myanmar - 21 July 2025",,Non-International armed conflict (NIAC)
188925,Myanmar,MMR,19.40822,94.100594,"[19.40822, 94.100594]",Triangulation,Conflict,total,1000,7/21/2025,7/14/2025,7/21/2025,2025,29144,Myanmar: Non-International armed conflict (NIAC) - Rakhine State (Central & North) - 2025,,,1/1/2025,12/31/2025,,,Non-International armed conflict (NIAC),Non-International armed conflict (NIAC),,UNHCR Myanmar,,"Rakhine, Myanmar","19.40822, 94.100594",State/Region/Province (ADM1),Destination,Displacement without preventive evacuations reported,2025-08-04T08:41:30.897676Z,"Myanmar: 1,000 displacements, 14 July - 21 July. Non-international armed conflict (niac) resulted in a total of 1000 people being displaced in Rakhine Central, Rakhine, Myanmar on 14 July, according to UNHCR Myanmar. UNHCR Myanmar - 21 July 2025",,Non-International armed conflict (NIAC)
191655,Myanmar,MMR,19.014839,94.89109,"[19.014839, 94.89109]",Recommended figure,Disaster,total,373,7/13/2025,7/13/2025,7/13/2025,2025,32905,Myanmar: Flood - Magway Region (Kamma Township) - 13/07/2025,,,7/13/2025,7/13/2025,Weather related,Hydrological,Flood,Flood,,Myanmar Fire Services Department (MFSD),,"Kamma Township, Thayet District, Magway, Myanmar","19.014839, 94.89109",County/City/town/Village/Woreda (ADM3),Origin,Displacement without preventive evacuations reported,2025-09-08T14:19:04.525703Z,"Myanmar: 373 displacements (in relief camp), 13 July - 13 July. According to national/regional disaster authorities, a total of 373 people were in relief camp in Kamma Township, Thayet District, Magway, Myanmar due to flood on 13 July Myanmar Fire Services Department (MFSD) - 14 July 2025",,Flood
187887,Myanmar,MMR,22.820789,98.005898,"[22.820789, 98.005898]",Triangulation,Conflict,total,1900,7/14/2025,7/7/2025,7/14/2025,2025,29138,Myanmar: Non-International armed conflict (NIAC) - Shan State (North & South) - 2025,,,1/1/2025,12/31/2025,,,Non-International armed conflict (NIAC),Non-International armed conflict (NIAC),,UNHCR Myanmar,,"North Shan State, Shan State, Myanmar","22.820789, 98.005898",District/Zone/Department (ADM2),Destination,Displacement without preventive evacuations reported,2025-07-21T08:52:23.764404Z,"Myanmar: 1,900 displacements, 07 July - 14 July. Non-international armed conflict (niac) resulted in a total of 1900 people being displaced in North Shan State, Shan State, Myanmar on 7 July, according to UNHCR Myanmar. UNHCR Myanmar - 14 July 2025",,Non-International armed conflict (NIAC)
187888,Myanmar,MMR,22.01824,93.503799,"[22.01824, 93.503799]",Triangulation,Conflict,total,400,7/14/2025,7/7/2025,7/14/2025,2025,29139,Myanmar: Non-International armed conflict (NIAC) - Chin State - 2025,,,1/1/2025,12/31/2025,,,Non-International armed conflict (NIAC),Non-International armed conflict (NIAC),,UNHCR Myanmar,,"Chin State, Myanmar","22.01824, 93.503799",State/Region/Province (ADM1),Destination,Displacement without preventive evacuations reported,2025-07-21T08:52:23.806928Z,"Myanmar: 400 displacements, 07 July - 14 July. A total of 400 people were displaced due to non-international armed conflict (niac) on 7 July in Chin State, Myanmar, according to UNHCR Myanmar. UNHCR Myanmar - 14 July 2025",,Non-International armed conflict (NIAC)
187889,Myanmar,MMR,20.78562,97.532921,"[20.78562, 97.532921]",Triangulation,Conflict,total,1200,7/14/2025,7/7/2025,7/14/2025,2025,29138,Myanmar: Non-International armed conflict (NIAC) - Shan State (North & South) - 2025,,,1/1/2025,12/31/2025,,,Non-International armed conflict (NIAC),Non-International armed conflict (NIAC),,UNHCR Myanmar,,"South Shan State, Shan State, Myanmar","20.78562, 97.532921",District/Zone/Department (ADM2),Destination,Displacement without preventive evacuations reported,2025-07-21T08:52:23.858921Z,"Myanmar: 1,200 displacements, 07 July - 14 July. According to UNHCR Myanmar, a total of 1200 people were displaced in South Shan State, Shan State, Myanmar due to non-international armed conflict (niac) on 7 July UNHCR Myanmar - 14 July 2025",,Non-International armed conflict (NIAC)
187890,Myanmar,MMR,12.27192,98.489594,"[12.27192, 98.489594]",Triangulation,Conflict,total,6100,7/14/2025,7/7/2025,7/14/2025,2025,29143,Myanmar: Non-International armed conflict (NIAC) - Tanintharyi Region - 2025,,,1/1/2025,12/31/2025,,,Non-International armed conflict (NIAC),Non-International armed conflict (NIAC),,UNHCR Myanmar,,"Tanintharyi Region, Myanmar","12.27192, 98.489594",State/Region/Province (ADM1),Destination,Displacement without preventive evacuations reported,2025-07-21T08:52:23.895575Z,"Myanmar: 6,100 displacements, 07 July - 14 July. A total of 6100 people were displaced due to non-international armed conflict (niac) on 7 July in Tanintharyi Region, Myanmar, according to UNHCR Myanmar. UNHCR Myanmar - 14 July 2025",,Non-International armed conflict (NIAC)
187891,Myanmar,MMR,18.159109,96.65007,"[18.159109, 96.65007]",Triangulation,Conflict,total,300,7/14/2025,7/7/2025,7/14/2025,2025,29141,Myanmar: Non-International armed conflict (NIAC) - Bago Region (East & West) - 2025,,,1/1/2025,12/31/2025,,,Non-International armed conflict (NIAC),Non-International armed conflict (NIAC),,UNHCR Myanmar,,"East Bago Region, Bago Region, Myanmar","18.159109, 96.65007",District/Zone/Department (ADM2),Destination,Displacement without preventive evacuations reported,2025-07-21T08:52:23.932237Z,"Myanmar: 300 displacements, 07 July - 14 July. Non-international armed conflict (niac) resulted in a total of 300 people being displaced in East Bago Region, Bago Region, Myanmar on 7 July, according to UNHCR Myanmar. UNHCR Myanmar - 14 July 2025",,Non-International armed conflict (NIAC)
187892,Myanmar,MMR,26.020769,97.491928,"[26.020769, 97.491928]",Triangulation,Conflict,total,1700,7/14/2025,7/7/2025,7/14/2025,2025,29147,Myanmar: Non-International armed conflict (NIAC) - Kachin State - 2025,,,1/1/2025,12/31/2025,,,Non-International armed conflict (NIAC),Non-International armed conflict (NIAC),,UNHCR Myanmar,,"Kachin State, Myanmar","26.020769, 97.491928",State/Region/Province (ADM1),Destination,Displacement without preventive evacuations reported,2025-07-21T08:52:23.971803Z,"Myanmar: 1,700 displacements, 07 July - 14 July. Non-international armed conflict (niac) resulted in a total of 1700 people being displaced in Kachin State, Myanmar on 7 July, according to UNHCR Myanmar. UNHCR Myanmar - 14 July 2025",,Non-International armed conflict (NIAC)
187893,Myanmar,MMR,24.47151,95.465286,"[24.47151, 95.465286]",Triangulation,Conflict,total,2300,7/14/2025,7/7/2025,7/14/2025,2025,29146,Myanmar: Non-International armed conflict (NIAC) - Sagaing Region - 2025,,,1/1/2025,12/31/2025,,,Non-International armed conflict (NIAC),Non-International armed conflict (NIAC),,UNHCR Myanmar,,"Sagaing, Myanmar","24.47151, 95.465286",State/Region/Province (ADM1),Destination,Displacement without preventive evacuations reported,2025-07-21T08:52:24.006461Z,"Myanmar: 2,300 displacements, 07 July - 14 July. A total of 2300 people were displaced due to non-international armed conflict (niac) on 7 July in Sagaing, Myanmar, according to UNHCR Myanmar. UNHCR Myanmar - 14 July 2025",,Non-International armed conflict (NIAC)
187348,Myanmar,MMR,18.32782,95.64238,"[18.32782, 95.64238]",Triangulation,Conflict,total,2700,7/7/2025,6/30/2025,7/7/2025,2025,29141,Myanmar: Non-International armed conflict (NIAC) - Bago Region (East & West) - 2025,,,1/1/2025,12/31/2025,,,Non-International armed conflict (NIAC),Non-International armed conflict (NIAC),,UNHCR Myanmar,,"West Bago Region, Bago Region, Myanmar","18.32782, 95.64238",District/Zone/Department (ADM2),Destination,Displacement without preventive evacuations reported,2025-07-10T15:02:07.783157Z,"Myanmar: 2,700 displacements, 30 June - 07 July. According to UNHCR Myanmar, a total of 2700 people were displaced in West Bago Region, Bago Region, Myanmar due to non-international armed conflict (niac) on 30 June UNHCR Myanmar - 07 July 2025",,Non-International armed conflict (NIAC)
187349,Myanmar,MMR,22.820789,98.005898,"[22.820789, 98.005898]",Triangulation,Conflict,total,900,7/7/2025,6/30/2025,7/7/2025,2025,29138,Myanmar: Non-International armed conflict (NIAC) - Shan State (North & South) - 2025,,,1/1/2025,12/31/2025,,,Non-International armed conflict (NIAC),Non-International armed conflict (NIAC),,UNHCR Myanmar,,"North Shan State, Shan State, Myanmar","22.820789, 98.005898",District/Zone/Department (ADM2),Destination,Displacement without preventive evacuations reported,2025-07-10T15:02:07.862427Z,"Myanmar: 900 displacements, 30 June - 07 July. Non-international armed conflict (niac) resulted in a total of 900 people being displaced in North Shan State, Shan State, Myanmar on 30 June, according to UNHCR Myanmar. UNHCR Myanmar - 07 July 2025",,Non-International armed conflict (NIAC)
187350,Myanmar,MMR,20.78562,97.532921,"[20.78562, 97.532921]",Triangulation,Conflict,total,300,7/7/2025,6/30/2025,7/7/2025,2025,29138,Myanmar: Non-International armed conflict (NIAC) - Shan State (North & South) - 2025,,,1/1/2025,12/31/2025,,,Non-International armed conflict (NIAC),Non-International armed conflict (NIAC),,UNHCR Myanmar,,"South Shan State, Shan State, Myanmar","20.78562, 97.532921",District/Zone/Department (ADM2),Destination,Displacement without preventive evacuations reported,2025-07-10T15:02:07.934379Z,"Myanmar: 300 displacements, 30 June - 07 July. Non-international armed conflict (niac) resulted in a total of 300 people being displaced in South Shan State, Shan State, Myanmar on 30 June, according to UNHCR Myanmar. UNHCR Myanmar - 07 July 2025",,Non-International armed conflict (NIAC)
187128,Myanmar,MMR,22.820789,98.005898,"[22.820789, 98.005898]",Triangulation,Conflict,total,600,6/30/2025,6/23/2025,6/30/2025,2025,29138,Myanmar: Non-International armed conflict (NIAC) - Shan State (North & South) - 2025,,,1/1/2025,12/31/2025,,,Non-International armed conflict (NIAC),Non-International armed conflict (NIAC),,UNHCR Myanmar,,"North Shan State, Shan State, Myanmar","22.820789, 98.005898",District/Zone/Department (ADM2),Destination,Displacement without preventive evacuations reported,2025-07-04T10:12:38.241123Z,"Myanmar: 600 displacements, 23 June - 30 June. Non-international armed conflict (niac) resulted in a total of 600 people being displaced in North Shan State, Shan State, Myanmar on 23 June, according to UNHCR Myanmar. UNHCR Myanmar - 30 June 2025",,Non-International armed conflict (NIAC)
187129,Myanmar,MMR,20.78562,97.532921,"[20.78562, 97.532921]",Triangulation,Conflict,total,600,6/30/2025,6/23/2025,6/30/2025,2025,29138,Myanmar: Non-International armed conflict (NIAC) - Shan State (North & South) - 2025,,,1/1/2025,12/31/2025,,,Non-International armed conflict (NIAC),Non-International armed conflict (NIAC),,UNHCR Myanmar,,"South Shan State, Shan State, Myanmar","20.78562, 97.532921",District/Zone/Department (ADM2),Destination,Displacement without preventive evacuations reported,2025-07-04T10:12:38.290615Z,"Myanmar: 600 displacements, 23 June - 30 June. According to UNHCR Myanmar, a total of 600 people were displaced in South Shan State, Shan State, Myanmar due to non-international armed conflict (niac) on 23 June UNHCR Myanmar - 30 June 2025",,Non-International armed conflict (NIAC)
187130,Myanmar,MMR,26.020769,97.491928,"[26.020769, 97.491928]",Triangulation,Conflict,total,800,6/30/2025,6/23/2025,6/30/2025,2025,29147,Myanmar: Non-International armed conflict (NIAC) - Kachin State - 2025,,,1/1/2025,12/31/2025,,,Non-International armed conflict (NIAC),Non-International armed conflict (NIAC),,UNHCR Myanmar,,"Kachin State, Myanmar","26.020769, 97.491928",State/Region/Province (ADM1),Destination,Displacement without preventive evacuations reported,2025-07-04T10:12:38.338713Z,"Myanmar: 800 displacements, 23 June - 30 June. Non-international armed conflict (niac) resulted in a total of 800 people being displaced in Kachin State, Myanmar on 23 June, according to UNHCR Myanmar. UNHCR Myanmar - 30 June 2025",,Non-International armed conflict (NIAC)
187131,Myanmar,MMR,17.18631,97.749931,"[17.18631, 97.749931]",Triangulation,Conflict,total,400,6/30/2025,6/23/2025,6/30/2025,2025,29140,Myanmar: Non-International armed conflict (NIAC) - Kayin State - 2025,,,1/1/2025,12/31/2025,,,Non-International armed conflict (NIAC),Non-International armed conflict (NIAC),,UNHCR Myanmar,,"Kayin State, Myanmar","17.18631, 97.749931",State/Region/Province (ADM1),Destination,Displacement without preventive evacuations reported,2025-07-04T10:12:38.384875Z,"Myanmar: 400 displacements, 23 June - 30 June. A total of 400 people were displaced due to non-international armed conflict (niac) on 23 June in Kayin State, Myanmar, according to UNHCR Myanmar. UNHCR Myanmar - 30 June 2025",,Non-International armed conflict (NIAC)
185802,Myanmar,MMR,22.820789,98.005898,"[22.820789, 98.005898]",Triangulation,Conflict,total,600,6/23/2025,6/16/2025,6/23/2025,2025,29138,Myanmar: Non-International armed conflict (NIAC) - Shan State (North & South) - 2025,,,1/1/2025,12/31/2025,,,Non-International armed conflict (NIAC),Non-International armed conflict (NIAC),,UNHCR Myanmar,,"North Shan State, Shan State, Myanmar","22.820789, 98.005898",District/Zone/Department (ADM2),Destination,Displacement without preventive evacuations reported,2025-06-26T09:43:16.811992Z,"Myanmar: 600 displacements, 16 June - 23 June. A total of 600 people were displaced due to non-international armed conflict (niac) on 16 June in North Shan State, Shan State, Myanmar, according to UNHCR Myanmar. UNHCR Myanmar - 23 June 2025",,Non-International armed conflict (NIAC)
185803,Myanmar,MMR,22.01824,93.503799,"[22.01824, 93.503799]",Triangulation,Conflict,total,6500,6/23/2025,6/16/2025,6/23/2025,2025,29139,Myanmar: Non-International armed conflict (NIAC) - Chin State - 2025,,,1/1/2025,12/31/2025,,,Non-International armed conflict (NIAC),Non-International armed conflict (NIAC),,UNHCR Myanmar,,"Chin State, Myanmar","22.01824, 93.503799",State/Region/Province (ADM1),Destination,Displacement without preventive evacuations reported,2025-06-26T09:43:16.858389Z,"Myanmar: 6,500 displacements, 16 June - 23 June. Non-international armed conflict (niac) resulted in a total of 6500 people being displaced in Chin State, Myanmar on 16 June, according to UNHCR Myanmar. UNHCR Myanmar - 23 June 2025",,Non-International armed conflict (NIAC)
185804,Myanmar,MMR,20.78562,97.532921,"[20.78562, 97.532921]",Triangulation,Conflict,total,100,6/23/2025,6/16/2025,6/23/2025,2025,29138,Myanmar: Non-International armed conflict (NIAC) - Shan State (North & South) - 2025,,,1/1/2025,12/31/2025,,,Non-International armed conflict (NIAC),Non-International armed conflict (NIAC),,UNHCR Myanmar,,"South Shan State, Shan State, Myanmar","20.78562, 97.532921",District/Zone/Department (ADM2),Destination,Displacement without preventive evacuations reported,2025-06-26T09:43:16.903626Z,"Myanmar: 100 displacements, 16 June - 23 June. A total of 100 people were displaced due to non-international armed conflict (niac) on 16 June in South Shan State, Shan State, Myanmar, according to UNHCR Myanmar. UNHCR Myanmar - 23 June 2025",,Non-International armed conflict (NIAC)
185805,Myanmar,MMR,19.28125,97.329178,"[19.28125, 97.329178]",Triangulation,Conflict,total,300,6/23/2025,6/16/2025,6/23/2025,2025,29148,Myanmar: Non-International armed conflict (NIAC) - Kayah State - 2025,,,1/1/2025,12/31/2025,,,Non-International armed conflict (NIAC),Non-International armed conflict (NIAC),,UNHCR Myanmar,,"Kayah State, Myanmar","19.28125, 97.329178",State/Region/Province (ADM1),Destination,Displacement without preventive evacuations reported,2025-06-26T09:43:16.951431Z,"Myanmar: 300 displacements, 16 June - 23 June. According to UNHCR Myanmar, a total of 300 people were displaced in Kayah State, Myanmar due to non-international armed conflict (niac) on 16 June UNHCR Myanmar - 23 June 2025",,Non-International armed conflict (NIAC)
185806,Myanmar,MMR,12.27192,98.489594,"[12.27192, 98.489594]",Triangulation,Conflict,total,1700,6/23/2025,6/16/2025,6/23/2025,2025,29143,Myanmar: Non-International armed conflict (NIAC) - Tanintharyi Region - 2025,,,1/1/2025,12/31/2025,,,Non-International armed conflict (NIAC),Non-International armed conflict (NIAC),,UNHCR Myanmar,,"Tanintharyi Region, Myanmar","12.27192, 98.489594",State/Region/Province (ADM1),Destination,Displacement without preventive evacuations reported,2025-06-26T09:43:16.995852Z,"Myanmar: 1,700 displacements, 16 June - 23 June. A total of 1700 people were displaced due to non-international armed conflict (niac) on 16 June in Tanintharyi Region, Myanmar, according to UNHCR Myanmar. UNHCR Myanmar - 23 June 2025",,Non-International armed conflict (NIAC)
185807,Myanmar,MMR,18.159109,96.65007,"[18.159109, 96.65007]",Triangulation,Conflict,total,100,6/23/2025,6/16/2025,6/23/2025,2025,29141,Myanmar: Non-International armed conflict (NIAC) - Bago Region (East & West) - 2025,,,1/1/2025,12/31/2025,,,Non-International armed conflict (NIAC),Non-International armed conflict (NIAC),,UNHCR Myanmar,,"East Bago Region, Bago Region, Myanmar","18.159109, 96.65007",District/Zone/Department (ADM2),Destination,Displacement without preventive evacuations reported,2025-06-26T09:43:17.045203Z,"Myanmar: 100 displacements, 16 June - 23 June. Non-international armed conflict (niac) resulted in a total of 100 people being displaced in East Bago Region, Bago Region, Myanmar on 16 June, according to UNHCR Myanmar. UNHCR Myanmar - 23 June 2025",,Non-International armed conflict (NIAC)
185809,Myanmar,MMR,26.020769,97.491928,"[26.020769, 97.491928]",Triangulation,Conflict,total,2500,6/23/2025,6/16/2025,6/23/2025,2025,29147,Myanmar: Non-International armed conflict (NIAC) - Kachin State - 2025,,,1/1/2025,12/31/2025,,,Non-International armed conflict (NIAC),Non-International armed conflict (NIAC),,UNHCR Myanmar,,"Kachin State, Myanmar","26.020769, 97.491928",State/Region/Province (ADM1),Destination,Displacement without preventive evacuations reported,2025-06-26T09:43:17.147683Z,"Myanmar: 2,500 displacements, 16 June - 23 June. Non-international armed conflict (niac) resulted in a total of 2500 people being displaced in Kachin State, Myanmar on 16 June, according to UNHCR Myanmar. UNHCR Myanmar - 23 June 2025",,Non-International armed conflict (NIAC)
185810,Myanmar,MMR,19.40822,94.100594,"[19.40822, 94.100594]",Triangulation,Conflict,total,800,6/23/2025,6/16/2025,6/23/2025,2025,29144,Myanmar: Non-International armed conflict (NIAC) - Rakhine State (Central & North) - 2025,,,1/1/2025,12/31/2025,,,Non-International armed conflict (NIAC),Non-International armed conflict (NIAC),,UNHCR Myanmar,,"Rakhine, Myanmar","19.40822, 94.100594",State/Region/Province (ADM1),Destination,Displacement without preventive evacuations reported,2025-06-26T09:43:17.195980Z,"Myanmar: 800 displacements, 16 June - 23 June. Non-international armed conflict (niac) resulted in a total of 800 people being displaced in Rakhine Central, Myanmar on 16 June, according to UNHCR Myanmar. UNHCR Myanmar - 23 June 2025",,Non-International armed conflict (NIAC)
185556,Myanmar,MMR,18.159109,96.65007,"[18.159109, 96.65007]",Triangulation,Conflict,total,600,6/16/2025,6/9/2025,6/16/2025,2025,29141,Myanmar: Non-International armed conflict (NIAC) - Bago Region (East & West) - 2025,,,1/1/2025,12/31/2025,,,Non-International armed conflict (NIAC),Non-International armed conflict (NIAC),,UNHCR Myanmar,,"East Bago Region, Bago Region, Myanmar","18.159109, 96.65007",District/Zone/Department (ADM2),Destination,Displacement without preventive evacuations reported,2025-06-23T09:40:51.070534Z,"Myanmar: 600 displacements, 09 June - 16 June. Non-international armed conflict (niac) resulted in a total of 600 people being displaced in East Bago Region, Bago Region, Myanmar on 9 June, according to UNHCR Myanmar. UNHCR Myanmar - 16 June 2025",,Non-International armed conflict (NIAC)
185557,Myanmar,MMR,26.020769,97.491928,"[26.020769, 97.491928]",Triangulation,Conflict,total,300,6/16/2025,6/9/2025,6/16/2025,2025,29147,Myanmar: Non-International armed conflict (NIAC) - Kachin State - 2025,,,1/1/2025,12/31/2025,,,Non-International armed conflict (NIAC),Non-International armed conflict (NIAC),,UNHCR Myanmar,,"Kachin State, Myanmar","26.020769, 97.491928",State/Region/Province (ADM1),Destination,Displacement without preventive evacuations reported,2025-06-23T09:40:51.129370Z,"Myanmar: 300 displacements, 09 June - 16 June. A total of 300 people were displaced due to non-international armed conflict (niac) on 9 June in Kachin State, Myanmar, according to UNHCR Myanmar. UNHCR Myanmar - 16 June 2025",,Non-International armed conflict (NIAC)
185558,Myanmar,MMR,17.18631,97.749931,"[17.18631, 97.749931]",Triangulation,Conflict,total,100,6/16/2025,6/9/2025,6/16/2025,2025,29140,Myanmar: Non-International armed conflict (NIAC) - Kayin State - 2025,,,1/1/2025,12/31/2025,,,Non-International armed conflict (NIAC),Non-International armed conflict (NIAC),,UNHCR Myanmar,,"Kayin State, Myanmar","17.18631, 97.749931",State/Region/Province (ADM1),Destination,Displacement without preventive evacuations reported,2025-06-23T09:40:51.184007Z,"Myanmar: 100 displacements, 09 June - 16 June. A total of 100 people were displaced due to non-international armed conflict (niac) on 9 June in Kayin State, Myanmar, according to UNHCR Myanmar. UNHCR Myanmar - 16 June 2025",,Non-International armed conflict (NIAC)
191663,Myanmar,MMR,25.36874,97.254051,"[25.36874, 97.254051]",Recommended figure,Disaster,total,10231,6/3/2025,6/3/2025,6/3/2025,2025,32909,Myanmar: Flood - Kachin State (Myitkyina Township) - 03/06/2025,,,6/3/2025,6/3/2025,Weather related,Hydrological,Flood,Flood,,Myanmar Fire Services Department (MFSD),,"Myitkyina Township, Myitkyina District, Kachin, Myanmar","25.36874, 97.254051",County/City/town/Village/Woreda (ADM3),Origin,Displacement without preventive evacuations reported,2025-09-08T14:30:31.547383Z,"Myanmar: 10,231 displacements (relocated), 03 June - 03 June. According to national/regional disaster authorities, a total of 10231 people were relocated in Myitkyina Township, Myitkyina District, Kachin, Myanmar due to flood on 3 June Myanmar Fire Services Department (MFSD) - 04 June 2025",,Flood
185453,Myanmar,MMR,22.820789,98.005898,"[22.820789, 98.005898]",Triangulation,Conflict,total,1500,6/9/2025,6/2/2025,6/9/2025,2025,29138,Myanmar: Non-International armed conflict (NIAC) - Shan State (North & South) - 2025,,,1/1/2025,12/31/2025,,,Non-International armed conflict (NIAC),Non-International armed conflict (NIAC),,UNHCR Myanmar,,"North Shan State, Shan State, Myanmar","22.820789, 98.005898",District/Zone/Department (ADM2),Destination,Displacement without preventive evacuations reported,2025-06-19T11:59:05.665781Z,"Myanmar: 1,500 displacements, 02 June - 09 June. According to UNHCR Myanmar, a total of 1500 people were displaced in North Shan State, Shan State, Myanmar due to non-international armed conflict (niac) on 2 June UNHCR Myanmar - 09 June 2025",,Non-International armed conflict (NIAC)
185454,Myanmar,MMR,22.01824,93.503799,"[22.01824, 93.503799]",Triangulation,Conflict,total,1200,6/9/2025,6/2/2025,6/9/2025,2025,29139,Myanmar: Non-International armed conflict (NIAC) - Chin State - 2025,,,1/1/2025,12/31/2025,,,Non-International armed conflict (NIAC),Non-International armed conflict (NIAC),,UNHCR Myanmar,,"Chin State, Myanmar","22.01824, 93.503799",State/Region/Province (ADM1),Destination,Displacement without preventive evacuations reported,2025-06-19T11:59:05.724850Z,"Myanmar: 1,200 displacements, 02 June - 09 June. Non-international armed conflict (niac) resulted in a total of 1200 people being displaced in Chin State, Myanmar on 2 June, according to UNHCR Myanmar. UNHCR Myanmar - 09 June 2025",,Non-International armed conflict (NIAC)
185455,Myanmar,MMR,20.78562,97.532921,"[20.78562, 97.532921]",Triangulation,Conflict,total,300,6/9/2025,6/2/2025,6/9/2025,2025,29138,Myanmar: Non-International armed conflict (NIAC) - Shan State (North & South) - 2025,,,1/1/2025,12/31/2025,,,Non-International armed conflict (NIAC),Non-International armed conflict (NIAC),,UNHCR Myanmar,,"South Shan State, Shan State, Myanmar","20.78562, 97.532921",District/Zone/Department (ADM2),Destination,Displacement without preventive evacuations reported,2025-06-19T12:08:41.064756Z,"Myanmar: 300 displacements, 02 June - 09 June. A total of 300 people were displaced due to non-international armed conflict (niac) on 2 June in South Shan State, Shan State, Myanmar, according to UNHCR Myanmar. UNHCR Myanmar - 09 June 2025",,Non-International armed conflict (NIAC)
185456,Myanmar,MMR,12.27192,98.489594,"[12.27192, 98.489594]",Triangulation,Conflict,total,2100,6/9/2025,6/2/2025,6/9/2025,2025,29143,Myanmar: Non-International armed conflict (NIAC) - Tanintharyi Region - 2025,,,1/1/2025,12/31/2025,,,Non-International armed conflict (NIAC),Non-International armed conflict (NIAC),,UNHCR Myanmar,,"Tanintharyi Region, Myanmar","12.27192, 98.489594",State/Region/Province (ADM1),Destination,Displacement without preventive evacuations reported,2025-06-19T12:08:41.121751Z,"Myanmar: 2,100 displacements, 02 June - 09 June. A total of 2100 people were displaced due to non-international armed conflict (niac) on 2 June in Tanintharyi Region, Myanmar, according to UNHCR Myanmar. UNHCR Myanmar - 09 June 2025",,Non-International armed conflict (NIAC)
185457,Myanmar,MMR,26.020769,97.491928,"[26.020769, 97.491928]",Triangulation,Conflict,total,1600,6/9/2025,6/2/2025,6/9/2025,2025,29147,Myanmar: Non-International armed conflict (NIAC) - Kachin State - 2025,,,1/1/2025,12/31/2025,,,Non-International armed conflict (NIAC),Non-International armed conflict (NIAC),,UNHCR Myanmar,,"Kachin State, Myanmar","26.020769, 97.491928",State/Region/Province (ADM1),Destination,Displacement without preventive evacuations reported,2025-06-19T12:08:41.175646Z,"Myanmar: 1,600 displacements, 02 June - 09 June. According to UNHCR Myanmar, a total of 1600 people were displaced in Kachin State, Myanmar due to non-international armed conflict (niac) on 2 June UNHCR Myanmar - 09 June 2025",,Non-International armed conflict (NIAC)
185458,Myanmar,MMR,20.274799,94.736221,"[20.274799, 94.736221]",Triangulation,Conflict,total,1300,6/9/2025,6/2/2025,6/9/2025,2025,29145,Myanmar: Non-International armed conflict (NIAC) - Magway Region - 2025,,,1/1/2025,12/31/2025,,,Non-International armed conflict (NIAC),Non-International armed conflict (NIAC),,UNHCR Myanmar,,"Magway Region, Myanmar","20.274799, 94.736221",State/Region/Province (ADM1),Destination,Displacement without preventive evacuations reported,2025-06-19T12:08:41.228111Z,"Myanmar: 1,300 displacements, 02 June - 09 June. According to UNHCR Myanmar, a total of 1300 people were displaced in Magway Region, Myanmar due to non-international armed conflict (niac) on 2 June UNHCR Myanmar - 09 June 2025",,Non-International armed conflict (NIAC)
184555,Myanmar,MMR,16.681061,96.137466,"[16.681061, 96.137466]",Recommended figure,Disaster,total,17,5/28/2025,5/28/2025,5/28/2025,2025,31445,Myanmar: Tornado - Yangon Region (Dala Township) - 28/05/2025,,,5/28/2025,5/28/2025,Weather related,Meteorological,Storm,Tornado,,Department of Disaster Management (DDM),,"Dala, Southern District, Yangon, Yangon, Myanmar","16.681061, 96.137466",County/City/town/Village/Woreda (ADM3),Origin,,2025-06-03T23:51:23.394801Z,"Myanmar: 17 displacements (destroyed housing), 28 May - 28 May. According to national/regional disaster authorities, a total of 4 households were displaced due to destroyed housing in Dala, Yangon, Myanmar due to tornado on 28 May. Department of Disaster Management (DDM) - 03 June 2025",,Storm
184598,Myanmar,MMR,16.737801,95.985458,"[16.737801, 95.985458]",Recommended figure,Disaster,total,8,5/28/2025,5/28/2025,5/28/2025,2025,31460,Myanmar: Tornado - Yangon Region (Twantay Township) - 28/05/2025,,,5/28/2025,5/28/2025,Weather related,Meteorological,Storm,Tornado,,Department of Disaster Management (DDM),,"Twantay, Yangon, Myanmar","16.737801, 95.985458",County/City/town/Village/Woreda (ADM3),Origin,,2025-06-05T19:23:33.144220Z,"Myanmar: 8 displacements (destroyed housing), 28 May - 28 May. According to national/regional disaster authorities, a total of 2 households were displaced due to destroyed housing in Twantay, Yangon, Myanmar due to tornado on 28 May Department of Disaster Management (DDM) - 05 June 2025",,Storm
191668,Myanmar,MMR,16.763519,95.080917,"[16.763519, 95.080917]",Recommended figure,Disaster,total,32,5/28/2025,5/28/2025,5/28/2025,2025,32911,Myanmar: Storm - Ayeyarwady Region (Einme Township) - 28/05/2025,,,5/28/2025,5/28/2025,Weather related,Meteorological,Storm,Storm,,Myanmar Fire Services Department (MFSD),,"Einme, Myaungmya, Ayeyarwady, Myanmar","16.763519, 95.080917",County/City/town/Village/Woreda (ADM3),Origin,Displacement without preventive evacuations reported,2025-09-08T14:39:47.433767Z,"Myanmar: 32 displacements (evacuated), 28 May - 28 May. According to national/regional disaster authorities, a total of 32 people were evacuated in Einme, Myaungmya, Ayeyarwady, Myanmar due to storm on 28 May Myanmar Fire Services Department (MFSD) - 29 May 2025",,Storm
184329,Myanmar,MMR,19.67886,95.884239,"[19.67886, 95.884239]",Recommended figure,Disaster,total,4,5/27/2025,5/27/2025,5/27/2025,2025,31393,Myanmar: Tornado - Naypyidaw Union Territory (Lewe Township) - 27/05/2025,,,5/27/2025,5/27/2025,Weather related,Meteorological,Storm,Tornado,,Department of Disaster Management (DDM),,"Lewe Township, Dekkhina District, Naypyitaw, Myanmar","19.67886, 95.884239",County/City/town/Village/Woreda (ADM3),Origin,,2025-05-29T19:24:02.661923Z,"Myanmar: 4 displacements (destroyed housing), 27 May - 27 May. A total of 1 household was displaced due to destroyed housing due to tornado on 27 May in Lewe Township, Dekkhina District, Naypyitaw, Myanmar, according to national/regional disaster authorities. Department of Disaster Management (DDM) - 29 May 2025",,Storm
185447,Myanmar,MMR,17.10837,95.14444,"[17.10837, 95.14444]",Triangulation,Conflict,total,7700,6/2/2025,5/26/2025,6/2/2025,2025,30491,Myanmar: Non-International armed conflict (NIAC) - Ayeyarwady Region - 2025,,,1/1/2025,12/31/2025,,,Non-International armed conflict (NIAC),Non-International armed conflict (NIAC),,UNHCR Myanmar,,"Ayeyarwady, Myanmar","17.10837, 95.14444",State/Region/Province (ADM1),Destination,Displacement without preventive evacuations reported,2025-06-19T11:39:36.864235Z,"Myanmar: 7,700 displacements, 26 May - 02 June. A total of 7700 people were displaced due to non-international armed conflict (niac) on 26 May in Ayeyarwady, Myanmar, according to UNHCR Myanmar. UNHCR Myanmar - 02 June 2025",,Non-International armed conflict (NIAC)
185448,Myanmar,MMR,18.32782,95.64238,"[18.32782, 95.64238]",Triangulation,Conflict,total,4300,6/2/2025,5/26/2025,6/2/2025,2025,29141,Myanmar: Non-International armed conflict (NIAC) - Bago Region (East & West) - 2025,,,1/1/2025,12/31/2025,,,Non-International armed conflict (NIAC),Non-International armed conflict (NIAC),,UNHCR Myanmar,,"West Bago Region, Bago Region, Myanmar","18.32782, 95.64238",District/Zone/Department (ADM2),Destination,Displacement without preventive evacuations reported,2025-06-19T11:39:36.927191Z,"Myanmar: 4,300 displacements, 26 May - 02 June. According to UNHCR Myanmar, a total of 4300 people were displaced in West Bago Region, Bago Region, Myanmar due to non-international armed conflict (niac) on 26 May UNHCR Myanmar - 02 June 2025",,Non-International armed conflict (NIAC)
185449,Myanmar,MMR,22.01824,93.503799,"[22.01824, 93.503799]",Triangulation,Conflict,total,2400,6/2/2025,5/26/2025,6/2/2025,2025,29139,Myanmar: Non-International armed conflict (NIAC) - Chin State - 2025,,,1/1/2025,12/31/2025,,,Non-International armed conflict (NIAC),Non-International armed conflict (NIAC),,UNHCR Myanmar,,"Chin State, Myanmar","22.01824, 93.503799",State/Region/Province (ADM1),Destination,Displacement without preventive evacuations reported,2025-06-19T11:39:36.992097Z,"Myanmar: 2,400 displacements, 26 May - 02 June. Non-international armed conflict (niac) resulted in a total of 2400 people being displaced in Chin State, Myanmar on 26 May, according to UNHCR Myanmar. UNHCR Myanmar - 02 June 2025",,Non-International armed conflict (NIAC)
185450,Myanmar,MMR,20.78562,97.532921,"[20.78562, 97.532921]",Triangulation,Conflict,total,1300,6/2/2025,5/26/2025,6/2/2025,2025,29138,Myanmar: Non-International armed conflict (NIAC) - Shan State (North & South) - 2025,,,1/1/2025,12/31/2025,,,Non-International armed conflict (NIAC),Non-International armed conflict (NIAC),,UNHCR Myanmar,,"South Shan State, Shan State, Myanmar","20.78562, 97.532921",District/Zone/Department (ADM2),Destination,Displacement without preventive evacuations reported,2025-06-19T11:39:37.045816Z,"Myanmar: 1,300 displacements, 26 May - 02 June. According to UNHCR Myanmar, a total of 1300 people were displaced in South Shan State, Shan State, Myanmar due to non-international armed conflict (niac) on 26 May UNHCR Myanmar - 02 June 2025",,Non-International armed conflict (NIAC)
185451,Myanmar,MMR,18.159109,96.65007,"[18.159109, 96.65007]",Triangulation,Conflict,total,1300,6/2/2025,5/26/2025,6/2/2025,2025,29141,Myanmar: Non-International armed conflict (NIAC) - Bago Region (East & West) - 2025,,,1/1/2025,12/31/2025,,,Non-International armed conflict (NIAC),Non-International armed conflict (NIAC),,UNHCR Myanmar,,"East Bago Region, Bago Region, Myanmar","18.159109, 96.65007",District/Zone/Department (ADM2),Destination,Displacement without preventive evacuations reported,2025-06-19T11:39:37.095018Z,"Myanmar: 1,300 displacements, 26 May - 02 June. According to UNHCR Myanmar, a total of 1300 people were displaced in East Bago Region, Bago Region, Myanmar due to non-international armed conflict (niac) on 26 May UNHCR Myanmar - 02 June 2025",,Non-International armed conflict (NIAC)
185452,Myanmar,MMR,17.18631,97.749931,"[17.18631, 97.749931]",Triangulation,Conflict,total,200,6/2/2025,5/26/2025,6/2/2025,2025,29140,Myanmar: Non-International armed conflict (NIAC) - Kayin State - 2025,,,1/1/2025,12/31/2025,,,Non-International armed conflict (NIAC),Non-International armed conflict (NIAC),,UNHCR Myanmar,,"Kayin State, Myanmar","17.18631, 97.749931",State/Region/Province (ADM1),Destination,Displacement without preventive evacuations reported,2025-06-19T11:39:37.147770Z,"Myanmar: 200 displacements, 26 May - 02 June. According to UNHCR Myanmar, a total of 200 people were displaced in Kayin State, Myanmar due to non-international armed conflict (niac) on 26 May UNHCR Myanmar - 02 June 2025",,Non-International armed conflict (NIAC)
191673,Myanmar,MMR,17.03269,95.685127,"[17.03269, 95.685127]",Recommended figure,Disaster,total,361,5/25/2025,5/25/2025,5/25/2025,2025,32913,Myanmar: Landslide - Ayeyarwady Region (Nyaungdon Township) - 25/05/2025,,,5/25/2025,5/25/2025,Weather related,Hydrological,Mass Movement,Landslide/Wet mass movement,,Myanmar Fire Services Department (MFSD),,"Nyaungdon, Maubin, Ayeyarwady, Myanmar","17.03269, 95.685127",County/City/town/Village/Woreda (ADM3),Origin,Displacement without preventive evacuations reported,2025-09-08T14:48:20.747785Z,"Myanmar: 361 displacements (relocated), 25 May - 25 May. According to national/regional disaster authorities, a total of 361 people were relocated in Nyaungdon, Maubin, Ayeyarwady, Myanmar due to landslide/wet mass movement on 25 May Myanmar Fire Services Department (MFSD) - 26 May 2025",,Mass Movement
185436,Myanmar,MMR,20.78562,97.532921,"[20.78562, 97.532921]",Triangulation,Conflict,total,1600,5/26/2025,5/19/2025,5/26/2025,2025,29138,Myanmar: Non-International armed conflict (NIAC) - Shan State (North & South) - 2025,,,1/1/2025,12/31/2025,,,Non-International armed conflict (NIAC),Non-International armed conflict (NIAC),,UNHCR Myanmar,,"South Shan State, Shan State, Myanmar","20.78562, 97.532921",District/Zone/Department (ADM2),Destination,Displacement without preventive evacuations reported,2025-06-19T10:11:37.138778Z,"Myanmar: 1,600 displacements, 19 May - 26 May. Non-international armed conflict (niac) resulted in a total of 1600 people being displaced in South Shan State, Shan State, Myanmar on 19 May, according to UNHCR Myanmar. UNHCR Myanmar - 26 May 2025",,Non-International armed conflict (NIAC)
185437,Myanmar,MMR,26.020769,97.491928,"[26.020769, 97.491928]",Triangulation,Conflict,total,800,5/26/2025,5/19/2025,5/26/2025,2025,29147,Myanmar: Non-International armed conflict (NIAC) - Kachin State - 2025,,,1/1/2025,12/31/2025,,,Non-International armed conflict (NIAC),Non-International armed conflict (NIAC),,UNHCR Myanmar,,"Kachin State, Myanmar","26.020769, 97.491928",State/Region/Province (ADM1),Destination,Displacement without preventive evacuations reported,2025-06-19T10:11:37.195684Z,"Myanmar: 800 displacements, 19 May - 26 May. A total of 800 people were displaced due to non-international armed conflict (niac) on 19 May in Kachin State, Myanmar, according to UNHCR Myanmar. UNHCR Myanmar - 26 May 2025",,Non-International armed conflict (NIAC)
185438,Myanmar,MMR,17.18631,97.749931,"[17.18631, 97.749931]",Triangulation,Conflict,total,700,5/26/2025,5/19/2025,5/26/2025,2025,29140,Myanmar: Non-International armed conflict (NIAC) - Kayin State - 2025,,,1/1/2025,12/31/2025,,,Non-International armed conflict (NIAC),Non-International armed conflict (NIAC),,UNHCR Myanmar,,"Kayin State, Myanmar","17.18631, 97.749931",State/Region/Province (ADM1),Destination,Displacement without preventive evacuations reported,2025-06-19T10:11:37.241979Z,"Myanmar: 700 displacements, 19 May - 26 May. Non-international armed conflict (niac) resulted in a total of 700 people being displaced in Kayin State, Myanmar on 19 May, according to UNHCR Myanmar. UNHCR Myanmar - 26 May 2025",,Non-International armed conflict (NIAC)
185439,Myanmar,MMR,20.274799,94.736221,"[20.274799, 94.736221]",Triangulation,Conflict,total,1200,5/26/2025,5/19/2025,5/26/2025,2025,29145,Myanmar: Non-International armed conflict (NIAC) - Magway Region - 2025,,,1/1/2025,12/31/2025,,,Non-International armed conflict (NIAC),Non-International armed conflict (NIAC),,UNHCR Myanmar,,"Magway Region, Myanmar","20.274799, 94.736221",State/Region/Province (ADM1),Destination,Displacement without preventive evacuations reported,2025-06-19T10:11:37.292999Z,"Myanmar: 1,200 displacements, 19 May - 26 May. Non-international armed conflict (niac) resulted in a total of 1200 people being displaced in Magway Region, Myanmar on 19 May, according to UNHCR Myanmar. UNHCR Myanmar - 26 May 2025",,Non-International armed conflict (NIAC)
184219,Myanmar,MMR,19.643881,96.463097,"[19.643881, 96.463097]",Recommended figure,Disaster,total,4,5/16/2025,5/16/2025,5/16/2025,2025,31376,Myanmar: Flood - Naypyidaw Union Territory (Pyinmana Township) - 16/05/2025,,,5/16/2025,5/16/2025,Weather related,Hydrological,Flood,Flood,,Department of Disaster Management (DDM),,"Pyinmana Township, Dekkhina District, Naypyitaw, Myanmar","19.643881, 96.463097",County/City/town/Village/Woreda (ADM3),Origin,,2025-05-27T04:05:01.218413Z,"Myanmar: 4 displacements (destroyed housing), 16 May - 16 May. Flood resulted in a total of 1 household being displaced due to destroyed housing in Pyinmana Township, Naypyitaw, Myanmar on 16 May, according to national/regional disaster authorities. Department of Disaster Management (DDM) - 26 May 2025",,Flood
185428,Myanmar,MMR,17.08325,97.333733,"[17.08325, 97.333733]",Triangulation,Conflict,total,700,5/19/2025,5/12/2025,5/19/2025,2025,29142,Myanmar: Non-International armed conflict (NIAC) - Mon State - 2025,,,1/1/2025,12/31/2025,,,Non-International armed conflict (NIAC),Non-International armed conflict (NIAC),,UNHCR Myanmar,,"Mon State, Myanmar","17.08325, 97.333733",State/Region/Province (ADM1),Destination,Displacement without preventive evacuations reported,2025-06-19T09:53:17.947293Z,"Myanmar: 700 displacements, 12 May - 19 May. Non-international armed conflict (niac) resulted in a total of 700 people being displaced in Mon, Myanmar on 12 May, according to UNHCR Myanmar. UNHCR Myanmar - 19 May 2025",,Non-International armed conflict (NIAC)
185429,Myanmar,MMR,26.020769,97.491928,"[26.020769, 97.491928]",Triangulation,Conflict,total,1900,5/19/2025,5/12/2025,5/19/2025,2025,29147,Myanmar: Non-International armed conflict (NIAC) - Kachin State - 2025,,,1/1/2025,12/31/2025,,,Non-International armed conflict (NIAC),Non-International armed conflict (NIAC),,UNHCR Myanmar,,"Kachin State, Myanmar","26.020769, 97.491928",State/Region/Province (ADM1),Destination,Displacement without preventive evacuations reported,2025-06-19T09:53:18.002997Z,"Myanmar: 1,900 displacements, 12 May - 19 May. A total of 1900 people were displaced due to non-international armed conflict (niac) on 12 May in Kachin State, Myanmar, according to UNHCR Myanmar. UNHCR Myanmar - 19 May 2025",,Non-International armed conflict (NIAC)
185430,Myanmar,MMR,17.18631,97.749931,"[17.18631, 97.749931]",Triangulation,Conflict,total,100,5/19/2025,5/12/2025,5/19/2025,2025,29140,Myanmar: Non-International armed conflict (NIAC) - Kayin State - 2025,,,1/1/2025,12/31/2025,,,Non-International armed conflict (NIAC),Non-International armed conflict (NIAC),,UNHCR Myanmar,,"Kayin State, Myanmar","17.18631, 97.749931",State/Region/Province (ADM1),Destination,Displacement without preventive evacuations reported,2025-06-19T09:53:18.055737Z,"Myanmar: 100 displacements, 12 May - 19 May. A total of 100 people were displaced due to non-international armed conflict (niac) on 12 May in Kayin State, Myanmar, according to UNHCR Myanmar. UNHCR Myanmar - 19 May 2025",,Non-International armed conflict (NIAC)
185422,Myanmar,MMR,17.08325,97.333733,"[17.08325, 97.333733]",Triangulation,Conflict,total,4100,5/12/2025,5/5/2025,5/12/2025,2025,29142,Myanmar: Non-International armed conflict (NIAC) - Mon State - 2025,,,1/1/2025,12/31/2025,,,Non-International armed conflict (NIAC),Non-International armed conflict (NIAC),,UNHCR Myanmar,,"Mon State, Myanmar","17.08325, 97.333733",State/Region/Province (ADM1),Destination,Displacement without preventive evacuations reported,2025-06-19T09:35:33.747190Z,"Myanmar: 4,100 displacements, 05 May - 12 May. Non-international armed conflict (niac) resulted in a total of 4100 people being displaced in Mon State, Myanmar on 5 May, according to UNHCR Myanmar. UNHCR Myanmar - 12 May 2025",,Non-International armed conflict (NIAC)
185423,Myanmar,MMR,20.78562,97.532921,"[20.78562, 97.532921]",Triangulation,Conflict,total,100,5/12/2025,5/5/2025,5/12/2025,2025,29138,Myanmar: Non-International armed conflict (NIAC) - Shan State (North & South) - 2025,,,1/1/2025,12/31/2025,,,Non-International armed conflict (NIAC),Non-International armed conflict (NIAC),,UNHCR Myanmar,,"South Shan State, Shan State, Myanmar","20.78562, 97.532921",District/Zone/Department (ADM2),Destination,Displacement without preventive evacuations reported,2025-06-19T09:35:33.804662Z,"Myanmar: 100 displacements, 05 May - 12 May. According to UNHCR Myanmar, a total of 100 people were displaced in South Shan State, Shan State, Myanmar due to non-international armed conflict (niac) on 5 May UNHCR Myanmar - 12 May 2025",,Non-International armed conflict (NIAC)
185424,Myanmar,MMR,26.020769,97.491928,"[26.020769, 97.491928]",Triangulation,Conflict,total,3200,5/12/2025,5/5/2025,5/12/2025,2025,29147,Myanmar: Non-International armed conflict (NIAC) - Kachin State - 2025,,,1/1/2025,12/31/2025,,,Non-International armed conflict (NIAC),Non-International armed conflict (NIAC),,UNHCR Myanmar,,"Kachin State, Myanmar","26.020769, 97.491928",State/Region/Province (ADM1),Destination,Displacement without preventive evacuations reported,2025-06-19T09:35:33.854860Z,"Myanmar: 3,200 displacements, 05 May - 12 May. According to UNHCR Myanmar, a total of 3200 people were displaced in Kachin State, Myanmar due to non-international armed conflict (niac) on 5 May UNHCR Myanmar - 12 May 2025",,Non-International armed conflict (NIAC)
185425,Myanmar,MMR,17.18631,97.749931,"[17.18631, 97.749931]",Triangulation,Conflict,total,1900,5/12/2025,5/5/2025,5/12/2025,2025,29140,Myanmar: Non-International armed conflict (NIAC) - Kayin State - 2025,,,1/1/2025,12/31/2025,,,Non-International armed conflict (NIAC),Non-International armed conflict (NIAC),,UNHCR Myanmar,,"Kayin State, Myanmar","17.18631, 97.749931",State/Region/Province (ADM1),Destination,Displacement without preventive evacuations reported,2025-06-19T09:35:33.906352Z,"Myanmar: 1,900 displacements, 05 May - 12 May. According to UNHCR Myanmar, a total of 1900 people were displaced in Kayin State, Myanmar due to non-international armed conflict (niac) on 5 May UNHCR Myanmar - 12 May 2025",,Non-International armed conflict (NIAC)
183481,Myanmar,MMR,26.020769,97.491928,"[26.020769, 97.491928]",Triangulation,Conflict,total,100,5/5/2025,4/28/2025,5/5/2025,2025,29147,Myanmar: Non-International armed conflict (NIAC) - Kachin State - 2025,,,1/1/2025,12/31/2025,,,Non-International armed conflict (NIAC),Non-International armed conflict (NIAC),,UNHCR Myanmar,,"Kachin State, Myanmar","26.020769, 97.491928",State/Region/Province (ADM1),Destination,Displacement without preventive evacuations reported,2025-05-08T15:21:50.806832Z,"Myanmar: 100 displacements, 28 April - 05 May. According to UNHCR Myanmar, a total of 100 people were in relief camp in Kachin State, Myanmar due to non-international armed conflict (niac) on 28 April UNHCR Myanmar - 05 May 2025",,Non-International armed conflict (NIAC)
183482,Myanmar,MMR,17.18631,97.749931,"[17.18631, 97.749931]",Triangulation,Conflict,total,500,5/5/2025,4/28/2025,5/5/2025,2025,29140,Myanmar: Non-International armed conflict (NIAC) - Kayin State - 2025,,,1/1/2025,12/31/2025,,,Non-International armed conflict (NIAC),Non-International armed conflict (NIAC),,UNHCR Myanmar,,"Kayin State, Myanmar","17.18631, 97.749931",State/Region/Province (ADM1),Destination,Displacement without preventive evacuations reported,2025-05-08T15:21:51.535786Z,"Myanmar: 500 displacements, 28 April - 05 May. A total of 500 people were in relief camp due to non-international armed conflict (niac) on 28 April in Kayin State, Myanmar, according to UNHCR Myanmar. UNHCR Myanmar - 05 May 2025",,Non-International armed conflict (NIAC)
183260,Myanmar,MMR,22.820789,98.005898,"[22.820789, 98.005898]",Triangulation,Conflict,total,1600,4/28/2025,4/21/2025,4/28/2025,2025,29138,Myanmar: Non-International armed conflict (NIAC) - Shan State (North & South) - 2025,,,1/1/2025,12/31/2025,,,Non-International armed conflict (NIAC),Non-International armed conflict (NIAC),,UNHCR Myanmar,,"North Shan State, Shan State, Myanmar","22.820789, 98.005898",District/Zone/Department (ADM2),Destination,Displacement without preventive evacuations reported,2025-05-01T12:03:42.794245Z,"Myanmar: 1,600 displacements, 21 April - 28 April. According to UNHCR Myanmar, a total of 1600 people were displaced in North Shan State, Shan State, Myanmar due to non-international armed conflict (niac) on 21 April UNHCR Myanmar - 28 April 2025",,Non-International armed conflict (NIAC)
183261,Myanmar,MMR,26.020769,97.491928,"[26.020769, 97.491928]",Triangulation,Conflict,total,500,4/28/2025,4/21/2025,4/28/2025,2025,29147,Myanmar: Non-International armed conflict (NIAC) - Kachin State - 2025,,,1/1/2025,12/31/2025,,,Non-International armed conflict (NIAC),Non-International armed conflict (NIAC),,UNHCR Myanmar,,"Kachin State, Myanmar","26.020769, 97.491928",State/Region/Province (ADM1),Destination,Displacement without preventive evacuations reported,2025-05-01T12:03:42.851056Z,"Myanmar: 500 displacements, 21 April - 28 April. A total of 500 people were displaced due to non-international armed conflict (niac) on 21 April in Kachin State, Myanmar, according to UNHCR Myanmar. UNHCR Myanmar - 28 April 2025",,Non-International armed conflict (NIAC)
183262,Myanmar,MMR,17.18631,97.749931,"[17.18631, 97.749931]",Triangulation,Conflict,total,800,4/28/2025,4/21/2025,4/28/2025,2025,29140,Myanmar: Non-International armed conflict (NIAC) - Kayin State - 2025,,,1/1/2025,12/31/2025,,,Non-International armed conflict (NIAC),Non-International armed conflict (NIAC),,UNHCR Myanmar,,"Kayin State, Myanmar","17.18631, 97.749931",State/Region/Province (ADM1),Destination,Displacement without preventive evacuations reported,2025-05-01T12:03:42.903477Z,"Myanmar: 800 displacements, 21 April - 28 April. Non-international armed conflict (niac) resulted in a total of 800 people being displaced in Kayin State, Myanmar on 21 April, according to UNHCR Myanmar. UNHCR Myanmar - 28 April 2025",,Non-International armed conflict (NIAC)
183263,Myanmar,MMR,24.47151,95.465286,"[24.47151, 95.465286]",Triangulation,Conflict,total,200,4/28/2025,4/21/2025,4/28/2025,2025,29146,Myanmar: Non-International armed conflict (NIAC) - Sagaing Region - 2025,,,1/1/2025,12/31/2025,,,Non-International armed conflict (NIAC),Non-International armed conflict (NIAC),,UNHCR Myanmar,,"Sagaing, Myanmar","24.47151, 95.465286",State/Region/Province (ADM1),Destination,Displacement without preventive evacuations reported,2025-05-01T12:03:42.954807Z,"Myanmar: 200 displacements, 21 April - 28 April. A total of 200 people were displaced due to non-international armed conflict (niac) on 21 April in Sagaing, Myanmar, according to UNHCR Myanmar. UNHCR Myanmar - 28 April 2025",,Non-International armed conflict (NIAC)
183265,Myanmar,MMR,16.602289,96.454224,"[16.602289, 96.454224]",Recommended figure,Disaster,total,4,4/16/2025,4/16/2025,4/16/2025,2025,31209,Myanmar: Tornado - Yangon Region (Kyauktan Township) - 16/04/2025,,,4/16/2025,4/16/2025,Weather related,Meteorological,Storm,Tornado,,Department of Disaster Management (DDM),,"Kyauktan, Yangon, Myanmar","16.602289, 96.454224",County/City/town/Village/Woreda (ADM3),Origin,,2025-05-01T14:31:37.496446Z,"Myanmar: 4 displacements (destroyed housing), 16 April - 16 April. According to national/regional disaster authorities, a total of 1 household were displaced due to destroyed housing in Kyauktan, Yangon, Myanmar due to tornado on 16 April Department of Disaster Management (DDM) - 24 May 2025",,Storm
182851,Myanmar,MMR,17.08325,97.333733,"[17.08325, 97.333733]",Triangulation,Conflict,total,4300,4/21/2025,4/7/2025,4/21/2025,2025,29142,Myanmar: Non-International armed conflict (NIAC) - Mon State - 2025,,,1/1/2025,12/31/2025,,,Non-International armed conflict (NIAC),Non-International armed conflict (NIAC),,UNHCR Myanmar,,"Mon State, Myanmar","17.08325, 97.333733",State/Region/Province (ADM1),Destination,Displacement without preventive evacuations reported,2025-04-24T09:09:56.095294Z,"Myanmar: 4,300 displacements, 07 April - 21 April. According to UNHCR Myanmar, a total of 4300 people were displaced in Mon State, Myanmar due to non-international armed conflict (niac) on 7 April UNHCR Myanmar - 21 April 2025",,Non-International armed conflict (NIAC)
182852,Myanmar,MMR,18.159109,96.65007,"[18.159109, 96.65007]",Triangulation,Conflict,total,2600,4/21/2025,4/7/2025,4/21/2025,2025,29141,Myanmar: Non-International armed conflict (NIAC) - Bago Region (East & West) - 2025,,,1/1/2025,12/31/2025,,,Non-International armed conflict (NIAC),Non-International armed conflict (NIAC),,UNHCR Myanmar,,"East Bago Region, Bago Region, Myanmar","18.159109, 96.65007",District/Zone/Department (ADM2),Destination,Displacement without preventive evacuations reported,2025-04-24T09:09:56.146293Z,"Myanmar: 2,600 displacements, 07 April - 21 April. A total of 2600 people were displaced due to non-international armed conflict (niac) on 7 April in East Bago Region, Bago Region, Myanmar, according to UNHCR Myanmar. UNHCR Myanmar - 21 April 2025",,Non-International armed conflict (NIAC)
182853,Myanmar,MMR,26.020769,97.491928,"[26.020769, 97.491928]",Triangulation,Conflict,total,700,4/21/2025,4/7/2025,4/21/2025,2025,29147,Myanmar: Non-International armed conflict (NIAC) - Kachin State - 2025,,,1/1/2025,12/31/2025,,,Non-International armed conflict (NIAC),Non-International armed conflict (NIAC),,UNHCR Myanmar,,"Kachin State, Myanmar","26.020769, 97.491928",State/Region/Province (ADM1),Destination,Displacement without preventive evacuations reported,2025-04-24T09:09:56.194796Z,"Myanmar: 700 displacements, 07 April - 21 April. Non-international armed conflict (niac) resulted in a total of 700 people being displaced in Kachin State, Myanmar on 7 April, according to UNHCR Myanmar. UNHCR Myanmar - 21 April 2025",,Non-International armed conflict (NIAC)
182854,Myanmar,MMR,17.18631,97.749931,"[17.18631, 97.749931]",Triangulation,Conflict,total,6900,4/21/2025,4/7/2025,4/21/2025,2025,29140,Myanmar: Non-International armed conflict (NIAC) - Kayin State - 2025,,,1/1/2025,12/31/2025,,,Non-International armed conflict (NIAC),Non-International armed conflict (NIAC),,UNHCR Myanmar,,"Kayin State, Myanmar","17.18631, 97.749931",State/Region/Province (ADM1),Destination,Displacement without preventive evacuations reported,2025-04-24T09:09:56.238975Z,"Myanmar: 6,900 displacements, 07 April - 21 April. According to UNHCR Myanmar, a total of 6900 people were displaced in Kayin, Myanmar due to non-international armed conflict (niac) on 7 April UNHCR Myanmar - 21 April 2025",,Non-International armed conflict (NIAC)
182277,Myanmar,MMR,17.08325,97.333733,"[17.08325, 97.333733]",Triangulation,Conflict,total,100,4/7/2025,3/31/2025,4/7/2025,2025,29142,Myanmar: Non-International armed conflict (NIAC) - Mon State - 2025,,,1/1/2025,12/31/2025,,,Non-International armed conflict (NIAC),Non-International armed conflict (NIAC),,UNHCR Myanmar,,"Mon State, Myanmar","17.08325, 97.333733",State/Region/Province (ADM1),Destination,Displacement without preventive evacuations reported,2025-04-14T11:46:35.058243Z,"Myanmar: 100 displacements, 31 March - 07 April. A total of 100 people were displaced due to non-international armed conflict (niac) on 31 March in Mon State, Myanmar, according to UNHCR Myanmar. UNHCR Myanmar - 07 April 2025",,Non-International armed conflict (NIAC)
182278,Myanmar,MMR,19.28125,97.329178,"[19.28125, 97.329178]",Triangulation,Conflict,total,600,4/7/2025,3/31/2025,4/7/2025,2025,29148,Myanmar: Non-International armed conflict (NIAC) - Kayah State - 2025,,,1/1/2025,12/31/2025,,,Non-International armed conflict (NIAC),Non-International armed conflict (NIAC),,UNHCR Myanmar,,"Kayah State, Myanmar","19.28125, 97.329178",State/Region/Province (ADM1),Destination,Displacement without preventive evacuations reported,2025-04-14T11:46:35.145746Z,"Myanmar: 600 displacements, 31 March - 07 April. According to UNHCR Myanmar, a total of 600 people were displaced in Kayah State, Myanmar due to non-international armed conflict (niac) on 31 March UNHCR Myanmar - 07 April 2025",,Non-International armed conflict (NIAC)
181919,Myanmar,MMR,20.78562,97.532921,"[20.78562, 97.532921]",Triangulation,Disaster,more than or equal to,13000,3/31/2025,3/28/2025,3/31/2025,2025,30892,"Myanmar, China: Earthquake - Myanmar (5 States/Regions), China (Yunnan (Dehong, Baoshan)) - 28/03/2025",EQ-2025-000043-MMR; MMR: Earthquake - 03-2025,Glide Number; IFRC Appeal ID,3/28/2025,3/28/2025,Geophysical,Geophysical,Earthquake,Earthquake,,OCHA Myanmar,,"South Shan State, Shan State, Myanmar","20.78562, 97.532921",District/Zone/Department (ADM2),Origin,Displacement without preventive evacuations reported,2025-04-02T12:40:53.652201Z,"Myanmar: 13,000 displacements, 28 March - 31 March. According to OCHA Myanmar, more than 13000 people were displaced in South Shan State due to earthquake on 28 March OCHA Myanmar - 31 March 2025",,Earthquake
182014,Myanmar,MMR,12.27192,98.489594,"[12.27192, 98.489594]",Triangulation,Conflict,total,2000,3/31/2025,3/24/2025,3/31/2025,2025,29143,Myanmar: Non-International armed conflict (NIAC) - Tanintharyi Region - 2025,,,1/1/2025,12/31/2025,,,Non-International armed conflict (NIAC),Non-International armed conflict (NIAC),,UNHCR Myanmar,,"Tanintharyi Region, Myanmar","12.27192, 98.489594",State/Region/Province (ADM1),Destination,Displacement without preventive evacuations reported,2025-04-04T15:42:33.913921Z,"Myanmar: 2,000 displacements, 24 March - 31 March. A total of 2000 people were displaced due to non-international armed conflict (niac) on 24 March in Tanintharyi Region, according to UNHCR Myanmar. UNHCR Myanmar - 31 March 2025",,Non-International armed conflict (NIAC)
182015,Myanmar,MMR,18.159109,96.65007,"[18.159109, 96.65007]",Triangulation,Conflict,total,3000,3/31/2025,3/24/2025,3/31/2025,2025,29141,Myanmar: Non-International armed conflict (NIAC) - Bago Region (East & West) - 2025,,,1/1/2025,12/31/2025,,,Non-International armed conflict (NIAC),Non-International armed conflict (NIAC),,UNHCR Myanmar,,"East Bago Region, Bago Region, Myanmar","18.159109, 96.65007",District/Zone/Department (ADM2),Destination,Displacement without preventive evacuations reported,2025-04-04T15:42:33.980090Z,"Myanmar: 3,000 displacements, 24 March - 31 March. A total of 3000 people were displaced due to non-international armed conflict (niac) on 24 March in East Bago Region, according to UNHCR Myanmar. UNHCR Myanmar - 31 March 2025",,Non-International armed conflict (NIAC)
181645,Myanmar,MMR,19.40822,94.100594,"[19.40822, 94.100594]",Triangulation,Conflict,total,35200,3/24/2025,3/17/2025,3/24/2025,2025,29144,Myanmar: Non-International armed conflict (NIAC) - Rakhine State (Central & North) - 2025,,,1/1/2025,12/31/2025,,,Non-International armed conflict (NIAC),Non-International armed conflict (NIAC),,UNHCR Myanmar,,"Rakhine, Myanmar","19.40822, 94.100594",State/Region/Province (ADM1),Destination,Displacement without preventive evacuations reported,2025-03-27T09:26:01.309156Z,"Myanmar: 35,200 displacements, 17 March - 24 March. According to UNHCR Myanmar, a total of 35200 people were displaced in Rakhine Central due to non-international armed conflict (niac) on 17 March UNHCR Myanmar - 24 March 2025",,Non-International armed conflict (NIAC)
181763,Myanmar,MMR,16.87723,96.582848,"[16.87723, 96.582848]",Recommended figure,Disaster,total,17,3/11/2025,3/11/2025,3/11/2025,2025,30901,Myanmar: Tornado - Yangon Region (Kayan Township) - 11/03/2025,,,3/11/2025,3/11/2025,Weather related,Meteorological,Storm,Tornado,,Department of Disaster Management (DDM),,"Kayan, Yangon, Myanmar","16.87723, 96.582848",County/City/town/Village/Woreda (ADM3),Origin,,2025-03-28T17:28:27.218282Z,"Myanmar: 17 displacements (destroyed housing), 11 March - 11 March. A total of 4 households were displaced due to destroyed housing due to tornado on 11 March in Kayan, according to national/regional disaster authorities. Department of Disaster Management (DDM) - 11 March 2025",,Storm
181366,Myanmar,MMR,18.159109,96.65007,"[18.159109, 96.65007]",Triangulation,Conflict,total,1900,3/17/2025,3/10/2025,3/17/2025,2025,29141,Myanmar: Non-International armed conflict (NIAC) - Bago Region (East & West) - 2025,,,1/1/2025,12/31/2025,,,Non-International armed conflict (NIAC),Non-International armed conflict (NIAC),,UNHCR Myanmar,,"East Bago Region, Bago Region, Myanmar","18.159109, 96.65007",District/Zone/Department (ADM2),Destination,Displacement without preventive evacuations reported,2025-03-21T14:58:14.522701Z,"Myanmar: 1,900 displacements, 10 March - 17 March. According to UNHCR Myanmar, a total of 1900 people were displaced in East Bago Region due to non-international armed conflict (niac) on 10 March UNHCR Myanmar - 17 March 2025",,Non-International armed conflict (NIAC)
181367,Myanmar,MMR,26.020769,97.491928,"[26.020769, 97.491928]",Triangulation,Conflict,total,1400,3/17/2025,3/10/2025,3/17/2025,2025,29147,Myanmar: Non-International armed conflict (NIAC) - Kachin State - 2025,,,1/1/2025,12/31/2025,,,Non-International armed conflict (NIAC),Non-International armed conflict (NIAC),,UNHCR Myanmar,,"Kachin State, Myanmar","26.020769, 97.491928",State/Region/Province (ADM1),Destination,Displacement without preventive evacuations reported,2025-03-21T14:58:14.618291Z,"Myanmar: 1,400 displacements, 10 March - 17 March. Non-international armed conflict (niac) resulted in a total of 1400 people being displaced in Kachin State on 10 March, according to UNHCR Myanmar. UNHCR Myanmar - 17 March 2025",,Non-International armed conflict (NIAC)
181368,Myanmar,MMR,17.18631,97.749931,"[17.18631, 97.749931]",Triangulation,Conflict,total,3100,3/17/2025,3/10/2025,3/17/2025,2025,29140,Myanmar: Non-International armed conflict (NIAC) - Kayin State - 2025,,,1/1/2025,12/31/2025,,,Non-International armed conflict (NIAC),Non-International armed conflict (NIAC),,UNHCR Myanmar,,"Kayin State, Myanmar","17.18631, 97.749931",State/Region/Province (ADM1),Destination,Displacement without preventive evacuations reported,2025-03-21T14:58:14.705709Z,"Myanmar: 3,100 displacements, 10 March - 17 March. Non-international armed conflict (niac) resulted in a total of 3100 people being displaced in Kayin State on 10 March, according to UNHCR Myanmar. UNHCR Myanmar - 17 March 2025",,Non-International armed conflict (NIAC)
180842,Myanmar,MMR,22.820789,98.005898,"[22.820789, 98.005898]",Triangulation,Conflict,total,800,3/10/2025,3/3/2025,3/10/2025,2025,29138,Myanmar: Non-International armed conflict (NIAC) - Shan State (North & South) - 2025,,,1/1/2025,12/31/2025,,,Non-International armed conflict (NIAC),Non-International armed conflict (NIAC),,UNHCR Myanmar,,"North Shan State, Shan State, Myanmar","22.820789, 98.005898",District/Zone/Department (ADM2),Destination,Displacement without preventive evacuations reported,2025-03-13T12:38:01.406954Z,"Myanmar: 800 displacements, 03 March - 10 March. According to UNHCR Myanmar, a total of 800 people were displaced in North Shan State due to non-international armed conflict (niac) on 3 March UNHCR Myanmar - 10 March 2025",,Non-International armed conflict (NIAC)
180843,Myanmar,MMR,12.27192,98.489594,"[12.27192, 98.489594]",Triangulation,Conflict,total,600,3/10/2025,3/3/2025,3/10/2025,2025,29143,Myanmar: Non-International armed conflict (NIAC) - Tanintharyi Region - 2025,,,1/1/2025,12/31/2025,,,Non-International armed conflict (NIAC),Non-International armed conflict (NIAC),,UNHCR Myanmar,,"Tanintharyi Region, Myanmar","12.27192, 98.489594",State/Region/Province (ADM1),Destination,Displacement without preventive evacuations reported,2025-03-13T12:38:01.469874Z,"Myanmar: 600 displacements, 03 March - 10 March. According to UNHCR Myanmar, a total of 600 people were displaced in Tanintharyi Region due to non-international armed conflict (niac) on 3 March UNHCR Myanmar - 10 March 2025",,Non-International armed conflict (NIAC)
180844,Myanmar,MMR,17.18631,97.749931,"[17.18631, 97.749931]",Triangulation,Conflict,total,5000,3/10/2025,3/3/2025,3/10/2025,2025,29140,Myanmar: Non-International armed conflict (NIAC) - Kayin State - 2025,,,1/1/2025,12/31/2025,,,Non-International armed conflict (NIAC),Non-International armed conflict (NIAC),,UNHCR Myanmar,,"Kayin State, Myanmar","17.18631, 97.749931",State/Region/Province (ADM1),Destination,Displacement without preventive evacuations reported,2025-03-13T12:38:01.536301Z,"Myanmar: 5,000 displacements, 03 March - 10 March. According to UNHCR Myanmar, a total of 5000 people were displaced in Kayin State due to non-international armed conflict (niac) on 3 March UNHCR Myanmar - 10 March 2025",,Non-International armed conflict (NIAC)
180845,Myanmar,MMR,19.40822,94.100594,"[19.40822, 94.100594]",Triangulation,Conflict,total,4000,3/10/2025,3/3/2025,3/10/2025,2025,29144,Myanmar: Non-International armed conflict (NIAC) - Rakhine State (Central & North) - 2025,,,1/1/2025,12/31/2025,,,Non-International armed conflict (NIAC),Non-International armed conflict (NIAC),,UNHCR Myanmar,,"Rakhine, Myanmar","19.40822, 94.100594",State/Region/Province (ADM1),Destination,Displacement without preventive evacuations reported,2025-03-13T12:38:01.620096Z,"Myanmar: 4,000 displacements, 03 March - 10 March. Non-international armed conflict (niac) resulted in a total of 4000 people being displaced in Rakhine Central on 3 March, according to UNHCR Myanmar. UNHCR Myanmar - 10 March 2025",,Non-International armed conflict (NIAC)
180846,Myanmar,MMR,24.47151,95.465286,"[24.47151, 95.465286]",Triangulation,Conflict,total,1400,3/10/2025,3/3/2025,3/10/2025,2025,29146,Myanmar: Non-International armed conflict (NIAC) - Sagaing Region - 2025,,,1/1/2025,12/31/2025,,,Non-International armed conflict (NIAC),Non-International armed conflict (NIAC),,UNHCR Myanmar,,"Sagaing, Myanmar","24.47151, 95.465286",State/Region/Province (ADM1),Destination,Displacement without preventive evacuations reported,2025-03-13T12:38:01.687639Z,"Myanmar: 1,400 displacements, 03 March - 10 March. According to UNHCR Myanmar, a total of 1400 people were displaced in Sagaing due to non-international armed conflict (niac) on 3 March UNHCR Myanmar - 10 March 2025",,Non-International armed conflict (NIAC)
181761,Myanmar,MMR,16.62018,95.119659,"[16.62018, 95.119659]",Recommended figure,Disaster,total,76,2/26/2025,2/26/2025,2/26/2025,2025,30900,Myanmar: Tornado - Ayeyarwady Region (Myaungmya Township) - 26/02/2025,,,2/26/2025,2/26/2025,Weather related,Meteorological,Storm,Tornado,,Department of Disaster Management (DDM),,"Myaungmya, Ayeyarwady, Myanmar","16.62018, 95.119659",District/Zone/Department (ADM2),Origin,,2025-03-28T17:19:55.247175Z,"Myanmar: 76 displacements (destroyed housing), 26 February - 26 February. According to national/regional disaster authorities, a total of 18 households were displaced due to destroyed housing in Myaungmya due to tornado on 26 February Department of Disaster Management (DDM) - 21 March 2025",,Storm
180513,Myanmar,MMR,17.08325,97.333733,"[17.08325, 97.333733]",Triangulation,Conflict,total,1300,3/3/2025,2/24/2025,3/3/2025,2025,29142,Myanmar: Non-International armed conflict (NIAC) - Mon State - 2025,,,1/1/2025,12/31/2025,,,Non-International armed conflict (NIAC),Non-International armed conflict (NIAC),,UNHCR Myanmar,,"Mon State, Myanmar","17.08325, 97.333733",State/Region/Province (ADM1),Destination,Displacement without preventive evacuations reported,2025-03-06T14:12:15.076936Z,"Myanmar: 1,300 displacements, 24 February - 03 March. A total of 1300 people were displaced due to non-international armed conflict (niac) on 24 February in Mon State, according to UNHCR Myanmar. UNHCR Myanmar - 03 March 2025",,Non-International armed conflict (NIAC)
180514,Myanmar,MMR,20.98724,95.765671,"[20.98724, 95.765671]",Triangulation,Conflict,total,2500,3/3/2025,2/24/2025,3/3/2025,2025,29137,Myanmar: Non-International armed conflict (NIAC) - Mandalay Region - 2025,,,1/1/2025,12/31/2025,,,Non-International armed conflict (NIAC),Non-International armed conflict (NIAC),,UNHCR Myanmar,,"Mandalay Region, Myanmar","20.98724, 95.765671",State/Region/Province (ADM1),Destination,Displacement without preventive evacuations reported,2025-03-06T14:12:15.197079Z,"Myanmar: 2,500 displacements, 24 February - 03 March. Non-international armed conflict (niac) resulted in a total of 2500 people being displaced in Mandalay Region on 24 February, according to UNHCR Myanmar. UNHCR Myanmar - 03 March 2025",,Non-International armed conflict (NIAC)
180515,Myanmar,MMR,12.27192,98.489594,"[12.27192, 98.489594]",Triangulation,Conflict,total,1000,3/3/2025,2/24/2025,3/3/2025,2025,29143,Myanmar: Non-International armed conflict (NIAC) - Tanintharyi Region - 2025,,,1/1/2025,12/31/2025,,,Non-International armed conflict (NIAC),Non-International armed conflict (NIAC),,UNHCR Myanmar,,"Tanintharyi Region, Myanmar","12.27192, 98.489594",State/Region/Province (ADM1),Destination,Displacement without preventive evacuations reported,2025-03-06T14:12:15.317174Z,"Myanmar: 1,000 displacements, 24 February - 03 March. According to UNHCR Myanmar, a total of 1000 people were displaced in Tanintharyi Region due to non-international armed conflict (niac) on 24 February UNHCR Myanmar - 03 March 2025",,Non-International armed conflict (NIAC)
180516,Myanmar,MMR,17.18631,97.749931,"[17.18631, 97.749931]",Triangulation,Conflict,total,1800,3/3/2025,2/24/2025,3/3/2025,2025,29140,Myanmar: Non-International armed conflict (NIAC) - Kayin State - 2025,,,1/1/2025,12/31/2025,,,Non-International armed conflict (NIAC),Non-International armed conflict (NIAC),,UNHCR Myanmar,,"Kayin State, Myanmar","17.18631, 97.749931",State/Region/Province (ADM1),Destination,Displacement without preventive evacuations reported,2025-03-06T14:12:15.396071Z,"Myanmar: 1,800 displacements, 24 February - 03 March. According to UNHCR Myanmar, a total of 1800 people were displaced in Kayin State due to non-international armed conflict (niac) on 24 February UNHCR Myanmar - 03 March 2025",,Non-International armed conflict (NIAC)
180517,Myanmar,MMR,24.47151,95.465286,"[24.47151, 95.465286]",Triangulation,Conflict,total,8700,3/3/2025,2/24/2025,3/3/2025,2025,29146,Myanmar: Non-International armed conflict (NIAC) - Sagaing Region - 2025,,,1/1/2025,12/31/2025,,,Non-International armed conflict (NIAC),Non-International armed conflict (NIAC),,UNHCR Myanmar,,"Sagaing, Myanmar","24.47151, 95.465286",State/Region/Province (ADM1),Destination,Displacement without preventive evacuations reported,2025-03-06T14:12:15.493176Z,"Myanmar: 8,700 displacements, 24 February - 03 March. A total of 8700 people were displaced due to non-international armed conflict (niac) on 24 February in Sagaing, according to UNHCR Myanmar. UNHCR Myanmar - 03 March 2025",,Non-International armed conflict (NIAC)
180263,Myanmar,MMR,18.32782,95.64238,"[18.32782, 95.64238]",Triangulation,Conflict,total,700,2/24/2025,2/17/2025,2/24/2025,2025,29141,Myanmar: Non-International armed conflict (NIAC) - Bago Region (East & West) - 2025,,,1/1/2025,12/31/2025,,,Non-International armed conflict (NIAC),Non-International armed conflict (NIAC),,UNHCR Myanmar,,"West Bago Region, Bago Region, Myanmar","18.32782, 95.64238",District/Zone/Department (ADM2),Destination,Displacement without preventive evacuations reported,2025-02-27T12:20:12.587205Z,"Myanmar: 700 displacements, 17 February - 24 February. According to UNHCR Myanmar, a total of 700 people were displaced in West Bago Region due to non-international armed conflict (niac) on 17 February UNHCR Myanmar - 24 February 2025",,Non-International armed conflict (NIAC)
180264,Myanmar,MMR,12.27192,98.489594,"[12.27192, 98.489594]",Triangulation,Conflict,total,9600,2/24/2025,2/17/2025,2/24/2025,2025,29143,Myanmar: Non-International armed conflict (NIAC) - Tanintharyi Region - 2025,,,1/1/2025,12/31/2025,,,Non-International armed conflict (NIAC),Non-International armed conflict (NIAC),,UNHCR Myanmar,,"Tanintharyi Region, Myanmar","12.27192, 98.489594",State/Region/Province (ADM1),Destination,Displacement without preventive evacuations reported,2025-02-27T12:20:12.651747Z,"Myanmar: 9,600 displacements, 17 February - 24 February. A total of 9600 people were displaced due to non-international armed conflict (niac) on 17 February in Tanintharyi Region, according to UNHCR Myanmar. UNHCR Myanmar - 24 February 2025",,Non-International armed conflict (NIAC)
180265,Myanmar,MMR,18.159109,96.65007,"[18.159109, 96.65007]",Triangulation,Conflict,total,1000,2/24/2025,2/17/2025,2/24/2025,2025,29141,Myanmar: Non-International armed conflict (NIAC) - Bago Region (East & West) - 2025,,,1/1/2025,12/31/2025,,,Non-International armed conflict (NIAC),Non-International armed conflict (NIAC),,UNHCR Myanmar,,"East Bago Region, Bago Region, Myanmar","18.159109, 96.65007",District/Zone/Department (ADM2),Destination,Displacement without preventive evacuations reported,2025-02-27T12:20:12.702430Z,"Myanmar: 1,000 displacements, 17 February - 24 February. According to UNHCR Myanmar, a total of 1000 people were displaced in East Bago Region due to non-international armed conflict (niac) on 17 February UNHCR Myanmar - 24 February 2025",,Non-International armed conflict (NIAC)
180266,Myanmar,MMR,17.18631,97.749931,"[17.18631, 97.749931]",Triangulation,Conflict,total,2800,2/24/2025,2/17/2025,2/24/2025,2025,29140,Myanmar: Non-International armed conflict (NIAC) - Kayin State - 2025,,,1/1/2025,12/31/2025,,,Non-International armed conflict (NIAC),Non-International armed conflict (NIAC),,UNHCR Myanmar,,"Kayin State, Myanmar","17.18631, 97.749931",State/Region/Province (ADM1),Destination,Displacement without preventive evacuations reported,2025-02-27T12:20:12.756283Z,"Myanmar: 2,800 displacements, 17 February - 24 February. A total of 2800 people were displaced due to non-international armed conflict (niac) on 17 February in Kayin State, according to UNHCR Myanmar. UNHCR Myanmar - 24 February 2025",,Non-International armed conflict (NIAC)
180267,Myanmar,MMR,19.40822,94.100594,"[19.40822, 94.100594]",Triangulation,Conflict,total,2800,2/24/2025,2/17/2025,2/24/2025,2025,29144,Myanmar: Non-International armed conflict (NIAC) - Rakhine State (Central & North) - 2025,,,1/1/2025,12/31/2025,,,Non-International armed conflict (NIAC),Non-International armed conflict (NIAC),,UNHCR Myanmar,,"Rakhine, Myanmar","19.40822, 94.100594",State/Region/Province (ADM1),Destination,Displacement without preventive evacuations reported,2025-02-27T12:20:12.813918Z,"Myanmar: 2,800 displacements, 17 February - 24 February. A total of 2800 people were displaced due to non-international armed conflict (niac) on 17 February in Rakhine Central, according to UNHCR Myanmar. UNHCR Myanmar - 24 February 2025",,Non-International armed conflict (NIAC)
179985,Myanmar,MMR,17.10837,95.14444,"[17.10837, 95.14444]",Triangulation,Conflict,total,2100,2/17/2025,2/10/2025,2/17/2025,2025,30491,Myanmar: Non-International armed conflict (NIAC) - Ayeyarwady Region - 2025,,,1/1/2025,12/31/2025,,,Non-International armed conflict (NIAC),Non-International armed conflict (NIAC),,UNHCR Myanmar,,"Ayeyarwady, Myanmar","17.10837, 95.14444",State/Region/Province (ADM1),Destination,Displacement without preventive evacuations reported,2025-02-20T13:58:09.526179Z,"Myanmar: 2,100 displacements, 10 February - 17 February. Non-international armed conflict (niac) resulted in a total of 2100 people being displaced in Ayeyarwady on 10 February, according to UNHCR Myanmar. UNHCR Myanmar - 17 February 2025",,Non-International armed conflict (NIAC)
179986,Myanmar,MMR,17.059429,96.113388,"[17.059429, 96.113388]",Triangulation,Conflict,total,400,2/17/2025,2/10/2025,2/17/2025,2025,29136,Myanmar: Non-International armed conflict (NIAC) - Yangon Region - 2025,,,1/1/2025,12/31/2025,,,Non-International armed conflict (NIAC),Non-International armed conflict (NIAC),,UNHCR Myanmar,,"Yangon, Myanmar","17.059429, 96.113388",State/Region/Province (ADM1),Destination,Displacement without preventive evacuations reported,2025-02-20T13:58:09.574834Z,"Myanmar: 400 displacements, 10 February - 17 February. According to UNHCR Myanmar, a total of 400 people were displaced in Yangon due to non-international armed conflict (niac) on 10 February UNHCR Myanmar - 17 February 2025",,Non-International armed conflict (NIAC)
179987,Myanmar,MMR,20.98724,95.765671,"[20.98724, 95.765671]",Triangulation,Conflict,total,1300,2/17/2025,2/10/2025,2/17/2025,2025,29137,Myanmar: Non-International armed conflict (NIAC) - Mandalay Region - 2025,,,1/1/2025,12/31/2025,,,Non-International armed conflict (NIAC),Non-International armed conflict (NIAC),,UNHCR Myanmar,,"Mandalay Region, Myanmar","20.98724, 95.765671",State/Region/Province (ADM1),Destination,Displacement without preventive evacuations reported,2025-02-20T13:58:09.625553Z,"Myanmar: 1,300 displacements, 10 February - 17 February. According to UNHCR Myanmar, a total of 1300 people were displaced in Mandalay Region due to non-international armed conflict (niac) on 10 February UNHCR Myanmar - 17 February 2025",,Non-International armed conflict (NIAC)
179988,Myanmar,MMR,20.78562,97.532921,"[20.78562, 97.532921]",Triangulation,Conflict,total,1100,2/17/2025,2/10/2025,2/17/2025,2025,29138,Myanmar: Non-International armed conflict (NIAC) - Shan State (North & South) - 2025,,,1/1/2025,12/31/2025,,,Non-International armed conflict (NIAC),Non-International armed conflict (NIAC),,UNHCR Myanmar,,"South Shan State, Shan State, Myanmar","20.78562, 97.532921",District/Zone/Department (ADM2),Destination,Displacement without preventive evacuations reported,2025-02-20T13:58:09.674133Z,"Myanmar: 1,100 displacements, 10 February - 17 February. Non-international armed conflict (niac) resulted in a total of 1100 people being displaced in South Shan State on 10 February, according to UNHCR Myanmar. UNHCR Myanmar - 17 February 2025",,Non-International armed conflict (NIAC)
177106,Myanmar,MMR,17.602751,95.000252,"[17.602751, 95.000252]",Recommended figure,Disaster,total,80,2/4/2025,2/4/2025,2/4/2025,2025,29829,Myanmar: Landslide - Ayeyarwady Region (Lemyethna Township) - 04/02/2025,,,2/4/2025,2/4/2025,Weather related,Hydrological,Mass Movement,Landslide/Wet mass movement,,Department of Disaster Management (DDM),,"Lemyethna, Hinthada, Ayeyarwady, Myanmar","17.602751, 95.000252",County/City/town/Village/Woreda (ADM3),Origin,Displacement without preventive evacuations reported,2025-02-10T10:46:00.591197Z,"Myanmar: 80 displacements (evacuated), 04 February - 04 February. A total of 19 households were evacuated due to landslide/wet mass movement on 4 February in Lemyethna, according to national/regional disaster authorities. Department of Disaster Management (DDM) - 06 February 2025",,Mass Movement
179043,Myanmar,MMR,22.820789,98.005898,"[22.820789, 98.005898]",Triangulation,Conflict,total,100,2/10/2025,2/3/2025,2/10/2025,2025,29138,Myanmar: Non-International armed conflict (NIAC) - Shan State (North & South) - 2025,,,1/1/2025,12/31/2025,,,Non-International armed conflict (NIAC),Non-International armed conflict (NIAC),,UNHCR Myanmar,,"North Shan State, Shan State, Myanmar","22.820789, 98.005898",District/Zone/Department (ADM2),Destination,Displacement without preventive evacuations reported,2025-02-13T12:56:48.769913Z,"Myanmar: 100 displacements, 03 February - 10 February. Non-international armed conflict (niac) resulted in a total of 100 people being displaced in North Shan State on 3 February, according to UNHCR Myanmar. UNHCR Myanmar - 10 February 2025",,Non-International armed conflict (NIAC)
179080,Myanmar,MMR,20.98724,95.765671,"[20.98724, 95.765671]",Triangulation,Conflict,total,200,2/10/2025,2/3/2025,2/10/2025,2025,29137,Myanmar: Non-International armed conflict (NIAC) - Mandalay Region - 2025,,,1/1/2025,12/31/2025,,,Non-International armed conflict (NIAC),Non-International armed conflict (NIAC),,UNHCR Myanmar,,"Mandalay Region, Myanmar","20.98724, 95.765671",State/Region/Province (ADM1),Destination,Displacement without preventive evacuations reported,2025-02-13T14:25:41.578962Z,"Myanmar: 200 displacements, 03 February - 10 February. A total of 200 people were displaced due to non-international armed conflict (niac) on 3 February in Mandalay Region, according to UNHCR Myanmar. UNHCR Myanmar - 10 February 2025",,Non-International armed conflict (NIAC)
179081,Myanmar,MMR,17.08325,97.333733,"[17.08325, 97.333733]",Triangulation,Conflict,total,1600,2/10/2025,2/3/2025,2/10/2025,2025,29142,Myanmar: Non-International armed conflict (NIAC) - Mon State - 2025,,,1/1/2025,12/31/2025,,,Non-International armed conflict (NIAC),Non-International armed conflict (NIAC),,UNHCR Myanmar,,"Mon State, Myanmar","17.08325, 97.333733",State/Region/Province (ADM1),Destination,Displacement without preventive evacuations reported,2025-02-13T14:25:41.639983Z,"Myanmar: 1,600 displacements, 03 February - 10 February. According to UNHCR Myanmar, a total of 1600 people were displaced in Mon State due to non-international armed conflict (niac) on 3 February UNHCR Myanmar - 10 February 2025",,Non-International armed conflict (NIAC)
179082,Myanmar,MMR,26.020769,97.491928,"[26.020769, 97.491928]",Triangulation,Conflict,total,1100,2/10/2025,2/3/2025,2/10/2025,2025,29147,Myanmar: Non-International armed conflict (NIAC) - Kachin State - 2025,,,1/1/2025,12/31/2025,,,Non-International armed conflict (NIAC),Non-International armed conflict (NIAC),,UNHCR Myanmar,,"Kachin State, Myanmar","26.020769, 97.491928",State/Region/Province (ADM1),Destination,Displacement without preventive evacuations reported,2025-02-13T14:25:41.703130Z,"Myanmar: 1,100 displacements, 03 February - 10 February. According to UNHCR Myanmar, a total of 1100 people were displaced in Kachin State due to non-international armed conflict (niac) on 3 February UNHCR Myanmar - 10 February 2025",,Non-International armed conflict (NIAC)
179083,Myanmar,MMR,20.274799,94.736221,"[20.274799, 94.736221]",Triangulation,Conflict,total,2000,2/10/2025,2/3/2025,2/10/2025,2025,29145,Myanmar: Non-International armed conflict (NIAC) - Magway Region - 2025,,,1/1/2025,12/31/2025,,,Non-International armed conflict (NIAC),Non-International armed conflict (NIAC),,UNHCR Myanmar,,"Magway Region, Myanmar","20.274799, 94.736221",State/Region/Province (ADM1),Destination,Displacement without preventive evacuations reported,2025-02-13T14:25:41.782408Z,"Myanmar: 2,000 displacements, 03 February - 10 February. Non-international armed conflict (niac) resulted in a total of 2000 people being displaced in Magway Region on 3 February, according to UNHCR Myanmar. UNHCR Myanmar - 10 February 2025",,Non-International armed conflict (NIAC)
177096,Myanmar,MMR,20.78562,97.532921,"[20.78562, 97.532921]",Triangulation,Conflict,total,4300,2/3/2025,1/27/2025,2/3/2025,2025,29138,Myanmar: Non-International armed conflict (NIAC) - Shan State (North & South) - 2025,,,1/1/2025,12/31/2025,,,Non-International armed conflict (NIAC),Non-International armed conflict (NIAC),,UNHCR Myanmar,,"South Shan State, Shan State, Myanmar","20.78562, 97.532921",District/Zone/Department (ADM2),Destination,Displacement without preventive evacuations reported,2025-02-10T10:25:51.019477Z,"Myanmar: 4,300 displacements, 27 January - 03 February. A total of 4300 people were displaced due to non-international armed conflict (niac) on 27 January in South Shan State, according to UNHCR Myanmar. UNHCR Myanmar - 03 February 2025",,Non-International armed conflict (NIAC)
177097,Myanmar,MMR,18.159109,96.65007,"[18.159109, 96.65007]",Triangulation,Conflict,total,300,2/3/2025,1/27/2025,2/3/2025,2025,29141,Myanmar: Non-International armed conflict (NIAC) - Bago Region (East & West) - 2025,,,1/1/2025,12/31/2025,,,Non-International armed conflict (NIAC),Non-International armed conflict (NIAC),,UNHCR Myanmar,,"East Bago Region, Bago Region, Myanmar","18.159109, 96.65007",District/Zone/Department (ADM2),Destination,Displacement without preventive evacuations reported,2025-02-10T10:25:51.085225Z,"Myanmar: 300 displacements, 27 January - 03 February. A total of 300 people were displaced due to non-international armed conflict (niac) on 27 January in East Bago Region, according to UNHCR Myanmar. UNHCR Myanmar - 03 February 2025",,Non-International armed conflict (NIAC)
177098,Myanmar,MMR,17.18631,97.749931,"[17.18631, 97.749931]",Triangulation,Conflict,total,4600,2/3/2025,1/27/2025,2/3/2025,2025,29140,Myanmar: Non-International armed conflict (NIAC) - Kayin State - 2025,,,1/1/2025,12/31/2025,,,Non-International armed conflict (NIAC),Non-International armed conflict (NIAC),,UNHCR Myanmar,,"Kayin State, Myanmar","17.18631, 97.749931",State/Region/Province (ADM1),Destination,Displacement without preventive evacuations reported,2025-02-10T10:25:51.145667Z,"Myanmar: 4,600 displacements, 27 January - 03 February. According to UNHCR Myanmar, a total of 4600 people were displaced in Kayin State due to non-international armed conflict (niac) on 27 January UNHCR Myanmar - 03 February 2025",,Non-International armed conflict (NIAC)
177099,Myanmar,MMR,26.020769,97.491928,"[26.020769, 97.491928]",Triangulation,Conflict,total,3700,2/3/2025,1/27/2025,2/3/2025,2025,29147,Myanmar: Non-International armed conflict (NIAC) - Kachin State - 2025,,,1/1/2025,12/31/2025,,,Non-International armed conflict (NIAC),Non-International armed conflict (NIAC),,UNHCR Myanmar,,"Kachin State, Myanmar","26.020769, 97.491928",State/Region/Province (ADM1),Destination,Displacement without preventive evacuations reported,2025-02-10T10:25:51.203492Z,"Myanmar: 3,700 displacements, 27 January - 03 February. A total of 3700 people were displaced due to non-international armed conflict (niac) on 27 January in Kachin State, according to UNHCR Myanmar. UNHCR Myanmar - 03 February 2025",,Non-International armed conflict (NIAC)
176339,Myanmar,MMR,22.820789,98.005898,"[22.820789, 98.005898]",Triangulation,Conflict,total,1000,1/27/2025,1/20/2025,1/27/2025,2025,29138,Myanmar: Non-International armed conflict (NIAC) - Shan State (North & South) - 2025,,,1/1/2025,12/31/2025,,,Non-International armed conflict (NIAC),Non-International armed conflict (NIAC),,UNHCR Myanmar,,"North Shan State, Shan State, Myanmar","22.820789, 98.005898",District/Zone/Department (ADM2),Destination,Displacement without preventive evacuations reported,2025-02-04T15:52:04.819622Z,"Myanmar: 1,000 displacements, 20 January - 27 January. Non-international armed conflict (niac) resulted in a total of 1000 people being displaced in North Shan State on 20 January, according to UNHCR Myanmar. UNHCR Myanmar - 27 January 2025",,Non-International armed conflict (NIAC)
176340,Myanmar,MMR,12.27192,98.489594,"[12.27192, 98.489594]",Triangulation,Conflict,total,9900,1/27/2025,1/20/2025,1/27/2025,2025,29143,Myanmar: Non-International armed conflict (NIAC) - Tanintharyi Region - 2025,,,1/1/2025,12/31/2025,,,Non-International armed conflict (NIAC),Non-International armed conflict (NIAC),,UNHCR Myanmar,,"Tanintharyi Region, Myanmar","12.27192, 98.489594",State/Region/Province (ADM1),Destination,Displacement without preventive evacuations reported,2025-02-04T15:52:04.874894Z,"Myanmar: 9,900 displacements, 20 January - 27 January. Non-international armed conflict (niac) resulted in a total of 9900 people being displaced in Tanintharyi Region on 20 January, according to UNHCR Myanmar. UNHCR Myanmar - 27 January 2025",,Non-International armed conflict (NIAC)
176341,Myanmar,MMR,17.18631,97.749931,"[17.18631, 97.749931]",Triangulation,Conflict,total,2500,1/27/2025,1/20/2025,1/27/2025,2025,29140,Myanmar: Non-International armed conflict (NIAC) - Kayin State - 2025,,,1/1/2025,12/31/2025,,,Non-International armed conflict (NIAC),Non-International armed conflict (NIAC),,UNHCR Myanmar,,"Kayin State, Myanmar","17.18631, 97.749931",State/Region/Province (ADM1),Destination,Displacement without preventive evacuations reported,2025-02-04T15:52:04.918949Z,"Myanmar: 2,500 displacements, 20 January - 27 January. According to UNHCR Myanmar, a total of 2500 people were displaced in Kayin State due to non-international armed conflict (niac) on 20 January UNHCR Myanmar - 27 January 2025",,Non-International armed conflict (NIAC)
176342,Myanmar,MMR,26.020769,97.491928,"[26.020769, 97.491928]",Triangulation,Conflict,total,4900,1/27/2025,1/20/2025,1/27/2025,2025,29147,Myanmar: Non-International armed conflict (NIAC) - Kachin State - 2025,,,1/1/2025,12/31/2025,,,Non-International armed conflict (NIAC),Non-International armed conflict (NIAC),,UNHCR Myanmar,,"Kachin State, Myanmar","26.020769, 97.491928",State/Region/Province (ADM1),Destination,Displacement without preventive evacuations reported,2025-02-04T15:52:04.966282Z,"Myanmar: 4,900 displacements, 20 January - 27 January. According to UNHCR Myanmar, a total of 4900 people were displaced in Kachin State due to non-international armed conflict (niac) on 20 January UNHCR Myanmar - 27 January 2025",,Non-International armed conflict (NIAC)
175290,Myanmar,MMR,17.08325,97.333733,"[17.08325, 97.333733]",Triangulation,Conflict,total,1000,1/20/2025,1/13/2025,1/20/2025,2025,29142,Myanmar: Non-International armed conflict (NIAC) - Mon State - 2025,,,1/1/2025,12/31/2025,,,Non-International armed conflict (NIAC),Non-International armed conflict (NIAC),,UNHCR Myanmar,,"Mon State, Myanmar","17.08325, 97.333733",State/Region/Province (ADM1),Destination,Displacement without preventive evacuations reported,2025-01-27T11:54:54.829963Z,"Myanmar: 1,000 displacements, 13 January - 20 January. Non-international armed conflict (niac) resulted in a total of 1000 people being displaced in Mon State on 13 January, according to UNHCR Myanmar. UNHCR Myanmar - 20 January 2025",,Non-International armed conflict (NIAC)
175291,Myanmar,MMR,19.28125,97.329178,"[19.28125, 97.329178]",Triangulation,Conflict,total,500,1/20/2025,1/13/2025,1/20/2025,2025,29148,Myanmar: Non-International armed conflict (NIAC) - Kayah State - 2025,,,1/1/2025,12/31/2025,,,Non-International armed conflict (NIAC),Non-International armed conflict (NIAC),,UNHCR Myanmar,,"Kayah State, Myanmar","19.28125, 97.329178",State/Region/Province (ADM1),Destination,Displacement without preventive evacuations reported,2025-01-27T11:54:54.886929Z,"Myanmar: 500 displacements, 13 January - 20 January. A total of 500 people were displaced due to non-international armed conflict (niac) on 13 January in Kayah State, according to UNHCR Myanmar. UNHCR Myanmar - 20 January 2025",,Non-International armed conflict (NIAC)
175292,Myanmar,MMR,12.27192,98.489594,"[12.27192, 98.489594]",Triangulation,Conflict,total,5900,1/20/2025,1/13/2025,1/20/2025,2025,29143,Myanmar: Non-International armed conflict (NIAC) - Tanintharyi Region - 2025,,,1/1/2025,12/31/2025,,,Non-International armed conflict (NIAC),Non-International armed conflict (NIAC),,UNHCR Myanmar,,"Tanintharyi Region, Myanmar","12.27192, 98.489594",State/Region/Province (ADM1),Destination,Displacement without preventive evacuations reported,2025-01-27T11:54:54.939982Z,"Myanmar: 5,900 displacements, 13 January - 20 January. Non-international armed conflict (niac) resulted in a total of 5900 people being displaced in Tanintharyi Region on 13 January, according to UNHCR Myanmar. UNHCR Myanmar - 20 January 2025",,Non-International armed conflict (NIAC)
175293,Myanmar,MMR,18.159109,96.65007,"[18.159109, 96.65007]",Triangulation,Conflict,total,100,1/20/2025,1/13/2025,1/20/2025,2025,29141,Myanmar: Non-International armed conflict (NIAC) - Bago Region (East & West) - 2025,,,1/1/2025,12/31/2025,,,Non-International armed conflict (NIAC),Non-International armed conflict (NIAC),,UNHCR Myanmar,,"East Bago Region, Bago Region, Myanmar","18.159109, 96.65007",District/Zone/Department (ADM2),Destination,Displacement without preventive evacuations reported,2025-01-27T11:54:54.993375Z,"Myanmar: 100 displacements, 13 January - 20 January. According to UNHCR Myanmar, a total of 100 people were displaced in East Bago Region due to non-international armed conflict (niac) on 13 January UNHCR Myanmar - 20 January 2025",,Non-International armed conflict (NIAC)
175294,Myanmar,MMR,17.18631,97.749931,"[17.18631, 97.749931]",Triangulation,Conflict,total,4500,1/20/2025,1/13/2025,1/20/2025,2025,29140,Myanmar: Non-International armed conflict (NIAC) - Kayin State - 2025,,,1/1/2025,12/31/2025,,,Non-International armed conflict (NIAC),Non-International armed conflict (NIAC),,UNHCR Myanmar,,"Kayin State, Myanmar","17.18631, 97.749931",State/Region/Province (ADM1),Destination,Displacement without preventive evacuations reported,2025-01-27T11:54:55.043332Z,"Myanmar: 4,500 displacements, 13 January - 20 January. According to UNHCR Myanmar, a total of 4500 people were displaced in Kayin State due to non-international armed conflict (niac) on 13 January UNHCR Myanmar - 20 January 2025",,Non-International armed conflict (NIAC)
175295,Myanmar,MMR,26.020769,97.491928,"[26.020769, 97.491928]",Triangulation,Conflict,total,400,1/20/2025,1/13/2025,1/20/2025,2025,29147,Myanmar: Non-International armed conflict (NIAC) - Kachin State - 2025,,,1/1/2025,12/31/2025,,,Non-International armed conflict (NIAC),Non-International armed conflict (NIAC),,UNHCR Myanmar,,"Kachin State, Myanmar","26.020769, 97.491928",State/Region/Province (ADM1),Destination,Displacement without preventive evacuations reported,2025-01-27T11:54:55.092131Z,"Myanmar: 400 displacements, 13 January - 20 January. According to UNHCR Myanmar, a total of 400 people were displaced in Kachin State due to non-international armed conflict (niac) on 13 January UNHCR Myanmar - 20 January 2025",,Non-International armed conflict (NIAC)
175018,Myanmar,MMR,20.98724,95.765671,"[20.98724, 95.765671]",Triangulation,Conflict,total,100,1/13/2025,1/6/2025,1/13/2025,2025,29137,Myanmar: Non-International armed conflict (NIAC) - Mandalay Region - 2025,,,1/1/2025,12/31/2025,,,Non-International armed conflict (NIAC),Non-International armed conflict (NIAC),,UNHCR Myanmar,,"Mandalay Region, Myanmar","20.98724, 95.765671",State/Region/Province (ADM1),Destination,Displacement without preventive evacuations reported,2025-01-22T11:23:43.976943Z,"Myanmar: 100 displacements, 06 January - 13 January. Non-international armed conflict (niac) resulted in a total of 100 people being displaced in Mandalay Region on 6 January, according to UNHCR Myanmar. UNHCR Myanmar - 13 January 2025",,Non-International armed conflict (NIAC)
175019,Myanmar,MMR,17.08325,97.333733,"[17.08325, 97.333733]",Triangulation,Conflict,total,2000,1/13/2025,1/6/2025,1/13/2025,2025,29142,Myanmar: Non-International armed conflict (NIAC) - Mon State - 2025,,,1/1/2025,12/31/2025,,,Non-International armed conflict (NIAC),Non-International armed conflict (NIAC),,UNHCR Myanmar,,"Mon State, Myanmar","17.08325, 97.333733",State/Region/Province (ADM1),Destination,Displacement without preventive evacuations reported,2025-01-22T11:23:44.077882Z,"Myanmar: 2,000 displacements, 06 January - 13 January. According to UNHCR Myanmar, a total of 2000 people were displaced in Mon State due to non-international armed conflict (niac) on 6 January UNHCR Myanmar - 13 January 2025",,Non-International armed conflict (NIAC)
175020,Myanmar,MMR,18.159109,96.65007,"[18.159109, 96.65007]",Triangulation,Conflict,total,100,1/13/2025,1/6/2025,1/13/2025,2025,29141,Myanmar: Non-International armed conflict (NIAC) - Bago Region (East & West) - 2025,,,1/1/2025,12/31/2025,,,Non-International armed conflict (NIAC),Non-International armed conflict (NIAC),,UNHCR Myanmar,,"East Bago Region, Bago Region, Myanmar","18.159109, 96.65007",District/Zone/Department (ADM2),Destination,Displacement without preventive evacuations reported,2025-01-22T11:23:44.183994Z,"Myanmar: 100 displacements, 06 January - 13 January. Non-international armed conflict (niac) resulted in a total of 100 people being displaced in East Bago Region on 6 January, according to UNHCR Myanmar. UNHCR Myanmar - 13 January 2025",,Non-International armed conflict (NIAC)
175021,Myanmar,MMR,17.18631,97.749931,"[17.18631, 97.749931]",Triangulation,Conflict,total,1400,1/13/2025,1/6/2025,1/13/2025,2025,29140,Myanmar: Non-International armed conflict (NIAC) - Kayin State - 2025,,,1/1/2025,12/31/2025,,,Non-International armed conflict (NIAC),Non-International armed conflict (NIAC),,UNHCR Myanmar,,"Kayin State, Myanmar","17.18631, 97.749931",State/Region/Province (ADM1),Destination,Displacement without preventive evacuations reported,2025-01-22T11:23:44.330585Z,"Myanmar: 1,400 displacements, 06 January - 13 January. According to UNHCR Myanmar, a total of 1400 people were displaced in Kayin State due to non-international armed conflict (niac) on 6 January UNHCR Myanmar - 13 January 2025",,Non-International armed conflict (NIAC)
175022,Myanmar,MMR,26.020769,97.491928,"[26.020769, 97.491928]",Triangulation,Conflict,total,4100,1/13/2025,1/6/2025,1/13/2025,2025,29147,Myanmar: Non-International armed conflict (NIAC) - Kachin State - 2025,,,1/1/2025,12/31/2025,,,Non-International armed conflict (NIAC),Non-International armed conflict (NIAC),,UNHCR Myanmar,,"Kachin State, Myanmar","26.020769, 97.491928",State/Region/Province (ADM1),Destination,Displacement without preventive evacuations reported,2025-01-22T11:23:44.525572Z,"Myanmar: 4,100 displacements, 06 January - 13 January. Non-international armed conflict (niac) resulted in a total of 4100 people being displaced in Kachin State on 6 January, according to UNHCR Myanmar. UNHCR Myanmar - 13 January 2025",,Non-International armed conflict (NIAC)
174072,Myanmar,MMR,22.820789,98.005898,"[22.820789, 98.005898]",Triangulation,Conflict,total,700,1/6/2025,1/1/2025,1/6/2025,2025,29138,Myanmar: Non-International armed conflict (NIAC) - Shan State (North & South) - 2025,,,1/1/2025,12/31/2025,,,Non-International armed conflict (NIAC),Non-International armed conflict (NIAC),,UNHCR Myanmar,,"North Shan State, Shan State, Myanmar","22.820789, 98.005898",District/Zone/Department (ADM2),Destination,Displacement without preventive evacuations reported,2025-01-09T10:10:46.547424Z,"Myanmar: 700 displacements, 01 January - 06 January. According to UNHCR Myanmar, a total of 700 people were displaced in North Shan State due to non-international armed conflict (niac) on 30 December UNHCR Myanmar - 06 January 2025",,Non-International armed conflict (NIAC)
174073,Myanmar,MMR,20.98724,95.765671,"[20.98724, 95.765671]",Triangulation,Conflict,total,2400,1/6/2025,1/1/2025,1/6/2025,2025,29137,Myanmar: Non-International armed conflict (NIAC) - Mandalay Region - 2025,,,1/1/2025,12/31/2025,,,Non-International armed conflict (NIAC),Non-International armed conflict (NIAC),,UNHCR Myanmar,,"Mandalay Region, Myanmar","20.98724, 95.765671",State/Region/Province (ADM1),Destination,Displacement without preventive evacuations reported,2025-01-09T10:10:46.678681Z,"Myanmar: 2,400 displacements, 01 January - 06 January. Non-international armed conflict (niac) resulted in a total of 2400 people being displaced in Mandalay Region on 30 December, according to UNHCR Myanmar. UNHCR Myanmar - 06 January 2025",,Non-International armed conflict (NIAC)
174074,Myanmar,MMR,18.159109,96.65007,"[18.159109, 96.65007]",Triangulation,Conflict,total,100,1/6/2025,1/1/2025,1/6/2025,2025,29141,Myanmar: Non-International armed conflict (NIAC) - Bago Region (East & West) - 2025,,,1/1/2025,12/31/2025,,,Non-International armed conflict (NIAC),Non-International armed conflict (NIAC),,UNHCR Myanmar,,"East Bago Region, Bago Region, Myanmar","18.159109, 96.65007",District/Zone/Department (ADM2),Destination,Displacement without preventive evacuations reported,2025-01-09T10:10:46.831610Z,"Myanmar: 100 displacements, 01 January - 06 January. A total of 100 people were displaced due to non-international armed conflict (niac) on 30 December in East Bago Region, according to UNHCR Myanmar. UNHCR Myanmar - 06 January 2025",,Non-International armed conflict (NIAC)
174075,Myanmar,MMR,17.18631,97.749931,"[17.18631, 97.749931]",Triangulation,Conflict,total,200,1/6/2025,1/1/2025,1/6/2025,2025,29140,Myanmar: Non-International armed conflict (NIAC) - Kayin State - 2025,,,1/1/2025,12/31/2025,,,Non-International armed conflict (NIAC),Non-International armed conflict (NIAC),,UNHCR Myanmar,,"Kayin State, Myanmar","17.18631, 97.749931",State/Region/Province (ADM1),Destination,Displacement without preventive evacuations reported,2025-01-09T10:10:46.950520Z,"Myanmar: 200 displacements, 01 January - 06 January. According to UNHCR Myanmar, a total of 200 people were displaced in Kayin State due to non-international armed conflict (niac) on 1 January UNHCR Myanmar - 06 January 2025",,Non-International armed conflict (NIAC)
174076,Myanmar,MMR,26.020769,97.491928,"[26.020769, 97.491928]",Triangulation,Conflict,total,900,1/6/2025,1/1/2025,1/6/2025,2025,29147,Myanmar: Non-International armed conflict (NIAC) - Kachin State - 2025,,,1/1/2025,12/31/2025,,,Non-International armed conflict (NIAC),Non-International armed conflict (NIAC),,UNHCR Myanmar,,"Kachin State, Myanmar","26.020769, 97.491928",State/Region/Province (ADM1),Destination,Displacement without preventive evacuations reported,2025-01-09T10:10:47.128649Z,"Myanmar: 900 displacements, 01 January - 06 January. According to UNHCR Myanmar, a total of 900 people were displaced in Kachin State due to non-international armed conflict (niac) on 30 December UNHCR Myanmar - 06 January 2025",,Non-International armed conflict (NIAC)
